01000,北海道,,ﾎｯｶｲﾄﾞｳ,
01100,北海道,札幌市,ﾎｯｶｲﾄﾞｳ,ｻｯﾎﾟﾛｼ
01202,北海道,函館市,ﾎｯｶｲﾄﾞｳ,ﾊｺﾀﾞﾃｼ
01203,北海道,小樽市,ﾎｯｶｲﾄﾞｳ,ｵﾀﾙｼ
01204,北海道,旭川市,ﾎｯｶｲﾄﾞｳ,ｱｻﾋｶﾜｼ
01205,北海道,室蘭市,ﾎｯｶｲﾄﾞｳ,ﾑﾛﾗﾝｼ
01206,北海道,釧路市,ﾎｯｶｲﾄﾞｳ,ｸｼﾛｼ
01207,北海道,帯広市,ﾎｯｶｲﾄﾞｳ,ｵﾋﾞﾋﾛｼ
01208,北海道,北見市,ﾎｯｶｲﾄﾞｳ,ｷﾀﾐｼ
01209,北海道,夕張市,ﾎｯｶｲﾄﾞｳ,ﾕｳﾊﾞﾘｼ
01210,北海道,岩見沢市,ﾎｯｶｲﾄﾞｳ,ｲﾜﾐｻﾞﾜｼ
01211,北海道,網走市,ﾎｯｶｲﾄﾞｳ,ｱﾊﾞｼﾘｼ
01212,北海道,留萌市,ﾎｯｶｲﾄﾞｳ,ﾙﾓｲｼ
01213,北海道,苫小牧市,ﾎｯｶｲﾄﾞｳ,ﾄﾏｺﾏｲｼ
01214,北海道,稚内市,ﾎｯｶｲﾄﾞｳ,ﾜｯｶﾅｲｼ
01215,北海道,美唄市,ﾎｯｶｲﾄﾞｳ,ﾋﾞﾊﾞｲｼ
01216,北海道,芦別市,ﾎｯｶｲﾄﾞｳ,ｱｼﾍﾞﾂｼ
01217,北海道,江別市,ﾎｯｶｲﾄﾞｳ,ｴﾍﾞﾂｼ
01218,北海道,赤平市,ﾎｯｶｲﾄﾞｳ,ｱｶﾋﾞﾗｼ
01219,北海道,紋別市,ﾎｯｶｲﾄﾞｳ,ﾓﾝﾍﾞﾂｼ
01220,北海道,士別市,ﾎｯｶｲﾄﾞｳ,ｼﾍﾞﾂｼ
01221,北海道,名寄市,ﾎｯｶｲﾄﾞｳ,ﾅﾖﾛｼ
01222,北海道,三笠市,ﾎｯｶｲﾄﾞｳ,ﾐｶｻｼ
01223,北海道,根室市,ﾎｯｶｲﾄﾞｳ,ﾈﾑﾛｼ
01224,北海道,千歳市,ﾎｯｶｲﾄﾞｳ,ﾁﾄｾｼ
01225,北海道,滝川市,ﾎｯｶｲﾄﾞｳ,ﾀｷｶﾜｼ
01226,北海道,砂川市,ﾎｯｶｲﾄﾞｳ,ｽﾅｶﾞﾜｼ
01227,北海道,歌志内市,ﾎｯｶｲﾄﾞｳ,ｳﾀｼﾅｲｼ
01228,北海道,深川市,ﾎｯｶｲﾄﾞｳ,ﾌｶｶﾞﾜｼ
01229,北海道,富良野市,ﾎｯｶｲﾄﾞｳ,ﾌﾗﾉｼ
01230,北海道,登別市,ﾎｯｶｲﾄﾞｳ,ﾉﾎﾞﾘﾍﾞﾂｼ
01231,北海道,恵庭市,ﾎｯｶｲﾄﾞｳ,ｴﾆﾜｼ
01233,北海道,伊達市,ﾎｯｶｲﾄﾞｳ,ﾀﾞﾃｼ
01234,北海道,北広島市,ﾎｯｶｲﾄﾞｳ,ｷﾀﾋﾛｼﾏｼ
01235,北海道,石狩市,ﾎｯｶｲﾄﾞｳ,ｲｼｶﾘｼ
01236,北海道,北斗市,ﾎｯｶｲﾄﾞｳ,ﾎｸﾄｼ
01303,北海道,当別町,ﾎｯｶｲﾄﾞｳ,ﾄｳﾍﾞﾂﾁｮｳ
01304,北海道,新篠津村,ﾎｯｶｲﾄﾞｳ,ｼﾝｼﾉﾂﾑﾗ
01331,北海道,松前町,ﾎｯｶｲﾄﾞｳ,ﾏﾂﾏｴﾁｮｳ
01332,北海道,福島町,ﾎｯｶｲﾄﾞｳ,ﾌｸｼﾏﾁｮｳ
01333,北海道,知内町,ﾎｯｶｲﾄﾞｳ,ｼﾘｳﾁﾁｮｳ
01334,北海道,木古内町,ﾎｯｶｲﾄﾞｳ,ｷｺﾅｲﾁｮｳ
01337,北海道,七飯町,ﾎｯｶｲﾄﾞｳ,ﾅﾅｴﾁｮｳ
01343,北海道,鹿部町,ﾎｯｶｲﾄﾞｳ,ｼｶﾍﾞﾁｮｳ
01345,北海道,森町,ﾎｯｶｲﾄﾞｳ,ﾓﾘﾏﾁ
01346,北海道,八雲町,ﾎｯｶｲﾄﾞｳ,ﾔｸﾓﾁｮｳ
01347,北海道,長万部町,ﾎｯｶｲﾄﾞｳ,ｵｼｬﾏﾝﾍﾞﾁｮｳ
01361,北海道,江差町,ﾎｯｶｲﾄﾞｳ,ｴｻｼﾁｮｳ
01362,北海道,上ノ国町,ﾎｯｶｲﾄﾞｳ,ｶﾐﾉｸﾆﾁｮｳ
01363,北海道,厚沢部町,ﾎｯｶｲﾄﾞｳ,ｱｯｻﾌﾞﾁｮｳ
01364,北海道,乙部町,ﾎｯｶｲﾄﾞｳ,ｵﾄﾍﾞﾁｮｳ
01367,北海道,奥尻町,ﾎｯｶｲﾄﾞｳ,ｵｸｼﾘﾁｮｳ
01370,北海道,今金町,ﾎｯｶｲﾄﾞｳ,ｲﾏｶﾈﾁｮｳ
01371,北海道,せたな町,ﾎｯｶｲﾄﾞｳ,ｾﾀﾅﾁｮｳ
01391,北海道,島牧村,ﾎｯｶｲﾄﾞｳ,ｼﾏﾏｷﾑﾗ
01392,北海道,寿都町,ﾎｯｶｲﾄﾞｳ,ｽｯﾂﾁｮｳ
01393,北海道,黒松内町,ﾎｯｶｲﾄﾞｳ,ｸﾛﾏﾂﾅｲﾁｮｳ
01394,北海道,蘭越町,ﾎｯｶｲﾄﾞｳ,ﾗﾝｺｼﾁｮｳ
01395,北海道,ニセコ町,ﾎｯｶｲﾄﾞｳ,ﾆｾｺﾁｮｳ
01396,北海道,真狩村,ﾎｯｶｲﾄﾞｳ,ﾏｯｶﾘﾑﾗ
01397,北海道,留寿都村,ﾎｯｶｲﾄﾞｳ,ﾙｽﾂﾑﾗ
01398,北海道,喜茂別町,ﾎｯｶｲﾄﾞｳ,ｷﾓﾍﾞﾂﾁｮｳ
01399,北海道,京極町,ﾎｯｶｲﾄﾞｳ,ｷｮｳｺﾞｸﾁｮｳ
01400,北海道,倶知安町,ﾎｯｶｲﾄﾞｳ,ｸｯﾁｬﾝﾁｮｳ
01401,北海道,共和町,ﾎｯｶｲﾄﾞｳ,ｷｮｳﾜﾁｮｳ
01402,北海道,岩内町,ﾎｯｶｲﾄﾞｳ,ｲﾜﾅｲﾁｮｳ
01403,北海道,泊村,ﾎｯｶｲﾄﾞｳ,ﾄﾏﾘﾑﾗ
01404,北海道,神恵内村,ﾎｯｶｲﾄﾞｳ,ｶﾓｴﾅｲﾑﾗ
01405,北海道,積丹町,ﾎｯｶｲﾄﾞｳ,ｼｬｺﾀﾝﾁｮｳ
01406,北海道,古平町,ﾎｯｶｲﾄﾞｳ,ﾌﾙﾋﾞﾗﾁｮｳ
01407,北海道,仁木町,ﾎｯｶｲﾄﾞｳ,ﾆｷﾁｮｳ
01408,北海道,余市町,ﾎｯｶｲﾄﾞｳ,ﾖｲﾁﾁｮｳ
01409,北海道,赤井川村,ﾎｯｶｲﾄﾞｳ,ｱｶｲｶﾞﾜﾑﾗ
01423,北海道,南幌町,ﾎｯｶｲﾄﾞｳ,ﾅﾝﾎﾟﾛﾁｮｳ
01424,北海道,奈井江町,ﾎｯｶｲﾄﾞｳ,ﾅｲｴﾁｮｳ
01425,北海道,上砂川町,ﾎｯｶｲﾄﾞｳ,ｶﾐｽﾅｶﾞﾜﾁｮｳ
01427,北海道,由仁町,ﾎｯｶｲﾄﾞｳ,ﾕﾆﾁｮｳ
01428,北海道,長沼町,ﾎｯｶｲﾄﾞｳ,ﾅｶﾞﾇﾏﾁｮｳ
01429,北海道,栗山町,ﾎｯｶｲﾄﾞｳ,ｸﾘﾔﾏﾁｮｳ
01430,北海道,月形町,ﾎｯｶｲﾄﾞｳ,ﾂｷｶﾞﾀﾁｮｳ
01431,北海道,浦臼町,ﾎｯｶｲﾄﾞｳ,ｳﾗｳｽﾁｮｳ
01432,北海道,新十津川町,ﾎｯｶｲﾄﾞｳ,ｼﾝﾄﾂｶﾜﾁｮｳ
01433,北海道,妹背牛町,ﾎｯｶｲﾄﾞｳ,ﾓｾｳｼﾁｮｳ
01434,北海道,秩父別町,ﾎｯｶｲﾄﾞｳ,ﾁｯﾌﾟﾍﾞﾂﾁｮｳ
01436,北海道,雨竜町,ﾎｯｶｲﾄﾞｳ,ｳﾘｭｳﾁｮｳ
01437,北海道,北竜町,ﾎｯｶｲﾄﾞｳ,ﾎｸﾘｭｳﾁｮｳ
01438,北海道,沼田町,ﾎｯｶｲﾄﾞｳ,ﾇﾏﾀﾁｮｳ
01452,北海道,鷹栖町,ﾎｯｶｲﾄﾞｳ,ﾀｶｽﾁｮｳ
01453,北海道,東神楽町,ﾎｯｶｲﾄﾞｳ,ﾋｶﾞｼｶｸﾞﾗﾁｮｳ
01454,北海道,当麻町,ﾎｯｶｲﾄﾞｳ,ﾄｳﾏﾁｮｳ
01455,北海道,比布町,ﾎｯｶｲﾄﾞｳ,ﾋﾟｯﾌﾟﾁｮｳ
01456,北海道,愛別町,ﾎｯｶｲﾄﾞｳ,ｱｲﾍﾞﾂﾁｮｳ
01457,北海道,上川町,ﾎｯｶｲﾄﾞｳ,ｶﾐｶﾜﾁｮｳ
01458,北海道,東川町,ﾎｯｶｲﾄﾞｳ,ﾋｶﾞｼｶﾜﾁｮｳ
01459,北海道,美瑛町,ﾎｯｶｲﾄﾞｳ,ﾋﾞｴｲﾁｮｳ
01460,北海道,上富良野町,ﾎｯｶｲﾄﾞｳ,ｶﾐﾌﾗﾉﾁｮｳ
01461,北海道,中富良野町,ﾎｯｶｲﾄﾞｳ,ﾅｶﾌﾗﾉﾁｮｳ
01462,北海道,南富良野町,ﾎｯｶｲﾄﾞｳ,ﾐﾅﾐﾌﾗﾉﾁｮｳ
01463,北海道,占冠村,ﾎｯｶｲﾄﾞｳ,ｼﾑｶｯﾌﾟﾑﾗ
01464,北海道,和寒町,ﾎｯｶｲﾄﾞｳ,ﾜｯｻﾑﾁｮｳ
01465,北海道,剣淵町,ﾎｯｶｲﾄﾞｳ,ｹﾝﾌﾞﾁﾁｮｳ
01468,北海道,下川町,ﾎｯｶｲﾄﾞｳ,ｼﾓｶﾜﾁｮｳ
01469,北海道,美深町,ﾎｯｶｲﾄﾞｳ,ﾋﾞﾌｶﾁｮｳ
01470,北海道,音威子府村,ﾎｯｶｲﾄﾞｳ,ｵﾄｲﾈｯﾌﾟﾑﾗ
01471,北海道,中川町,ﾎｯｶｲﾄﾞｳ,ﾅｶｶﾞﾜﾁｮｳ
01472,北海道,幌加内町,ﾎｯｶｲﾄﾞｳ,ﾎﾛｶﾅｲﾁｮｳ
01481,北海道,増毛町,ﾎｯｶｲﾄﾞｳ,ﾏｼｹﾁｮｳ
01482,北海道,小平町,ﾎｯｶｲﾄﾞｳ,ｵﾋﾞﾗﾁｮｳ
01483,北海道,苫前町,ﾎｯｶｲﾄﾞｳ,ﾄﾏﾏｴﾁｮｳ
01484,北海道,羽幌町,ﾎｯｶｲﾄﾞｳ,ﾊﾎﾞﾛﾁｮｳ
01485,北海道,初山別村,ﾎｯｶｲﾄﾞｳ,ｼｮｻﾝﾍﾞﾂﾑﾗ
01486,北海道,遠別町,ﾎｯｶｲﾄﾞｳ,ｴﾝﾍﾞﾂﾁｮｳ
01487,北海道,天塩町,ﾎｯｶｲﾄﾞｳ,ﾃｼｵﾁｮｳ
01511,北海道,猿払村,ﾎｯｶｲﾄﾞｳ,ｻﾙﾌﾂﾑﾗ
01512,北海道,浜頓別町,ﾎｯｶｲﾄﾞｳ,ﾊﾏﾄﾝﾍﾞﾂﾁｮｳ
01513,北海道,中頓別町,ﾎｯｶｲﾄﾞｳ,ﾅｶﾄﾝﾍﾞﾂﾁｮｳ
01514,北海道,枝幸町,ﾎｯｶｲﾄﾞｳ,ｴｻｼﾁｮｳ
01516,北海道,豊富町,ﾎｯｶｲﾄﾞｳ,ﾄﾖﾄﾐﾁｮｳ
01517,北海道,礼文町,ﾎｯｶｲﾄﾞｳ,ﾚﾌﾞﾝﾁｮｳ
01518,北海道,利尻町,ﾎｯｶｲﾄﾞｳ,ﾘｼﾘﾁｮｳ
01519,北海道,利尻富士町,ﾎｯｶｲﾄﾞｳ,ﾘｼﾘﾌｼﾞﾁｮｳ
01520,北海道,幌延町,ﾎｯｶｲﾄﾞｳ,ﾎﾛﾉﾍﾞﾁｮｳ
01543,北海道,美幌町,ﾎｯｶｲﾄﾞｳ,ﾋﾞﾎﾛﾁｮｳ
01544,北海道,津別町,ﾎｯｶｲﾄﾞｳ,ﾂﾍﾞﾂﾁｮｳ
01545,北海道,斜里町,ﾎｯｶｲﾄﾞｳ,ｼｬﾘﾁｮｳ
01546,北海道,清里町,ﾎｯｶｲﾄﾞｳ,ｷﾖｻﾄﾁｮｳ
01547,北海道,小清水町,ﾎｯｶｲﾄﾞｳ,ｺｼﾐｽﾞﾁｮｳ
01549,北海道,訓子府町,ﾎｯｶｲﾄﾞｳ,ｸﾝﾈｯﾌﾟﾁｮｳ
01550,北海道,置戸町,ﾎｯｶｲﾄﾞｳ,ｵｹﾄﾁｮｳ
01552,北海道,佐呂間町,ﾎｯｶｲﾄﾞｳ,ｻﾛﾏﾁｮｳ
01555,北海道,遠軽町,ﾎｯｶｲﾄﾞｳ,ｴﾝｶﾞﾙﾁｮｳ
01559,北海道,湧別町,ﾎｯｶｲﾄﾞｳ,ﾕｳﾍﾞﾂﾁｮｳ
01560,北海道,滝上町,ﾎｯｶｲﾄﾞｳ,ﾀｷﾉｳｴﾁｮｳ
01561,北海道,興部町,ﾎｯｶｲﾄﾞｳ,ｵｺｯﾍﾟﾁｮｳ
01562,北海道,西興部村,ﾎｯｶｲﾄﾞｳ,ﾆｼｵｺｯﾍﾟﾑﾗ
01563,北海道,雄武町,ﾎｯｶｲﾄﾞｳ,ｵｳﾑﾁｮｳ
01564,北海道,大空町,ﾎｯｶｲﾄﾞｳ,ｵｵｿﾞﾗﾁｮｳ
01571,北海道,豊浦町,ﾎｯｶｲﾄﾞｳ,ﾄﾖｳﾗﾁｮｳ
01575,北海道,壮瞥町,ﾎｯｶｲﾄﾞｳ,ｿｳﾍﾞﾂﾁｮｳ
01578,北海道,白老町,ﾎｯｶｲﾄﾞｳ,ｼﾗｵｲﾁｮｳ
01581,北海道,厚真町,ﾎｯｶｲﾄﾞｳ,ｱﾂﾏﾁｮｳ
01584,北海道,洞爺湖町,ﾎｯｶｲﾄﾞｳ,ﾄｳﾔｺﾁｮｳ
01585,北海道,安平町,ﾎｯｶｲﾄﾞｳ,ｱﾋﾞﾗﾁｮｳ
01586,北海道,むかわ町,ﾎｯｶｲﾄﾞｳ,ﾑｶﾜﾁｮｳ
01601,北海道,日高町,ﾎｯｶｲﾄﾞｳ,ﾋﾀﾞｶﾁｮｳ
01602,北海道,平取町,ﾎｯｶｲﾄﾞｳ,ﾋﾞﾗﾄﾘﾁｮｳ
01604,北海道,新冠町,ﾎｯｶｲﾄﾞｳ,ﾆｲｶｯﾌﾟﾁｮｳ
01607,北海道,浦河町,ﾎｯｶｲﾄﾞｳ,ｳﾗｶﾜﾁｮｳ
01608,北海道,様似町,ﾎｯｶｲﾄﾞｳ,ｻﾏﾆﾁｮｳ
01609,北海道,えりも町,ﾎｯｶｲﾄﾞｳ,ｴﾘﾓﾁｮｳ
01610,北海道,新ひだか町,ﾎｯｶｲﾄﾞｳ,ｼﾝﾋﾀﾞｶﾁｮｳ
01631,北海道,音更町,ﾎｯｶｲﾄﾞｳ,ｵﾄﾌｹﾁｮｳ
01632,北海道,士幌町,ﾎｯｶｲﾄﾞｳ,ｼﾎﾛﾁｮｳ
01633,北海道,上士幌町,ﾎｯｶｲﾄﾞｳ,ｶﾐｼﾎﾛﾁｮｳ
01634,北海道,鹿追町,ﾎｯｶｲﾄﾞｳ,ｼｶｵｲﾁｮｳ
01635,北海道,新得町,ﾎｯｶｲﾄﾞｳ,ｼﾝﾄｸﾁｮｳ
01636,北海道,清水町,ﾎｯｶｲﾄﾞｳ,ｼﾐｽﾞﾁｮｳ
01637,北海道,芽室町,ﾎｯｶｲﾄﾞｳ,ﾒﾑﾛﾁｮｳ
01638,北海道,中札内村,ﾎｯｶｲﾄﾞｳ,ﾅｶｻﾂﾅｲﾑﾗ
01639,北海道,更別村,ﾎｯｶｲﾄﾞｳ,ｻﾗﾍﾞﾂﾑﾗ
01641,北海道,大樹町,ﾎｯｶｲﾄﾞｳ,ﾀｲｷﾁｮｳ
01642,北海道,広尾町,ﾎｯｶｲﾄﾞｳ,ﾋﾛｵﾁｮｳ
01643,北海道,幕別町,ﾎｯｶｲﾄﾞｳ,ﾏｸﾍﾞﾂﾁｮｳ
01644,北海道,池田町,ﾎｯｶｲﾄﾞｳ,ｲｹﾀﾞﾁｮｳ
01645,北海道,豊頃町,ﾎｯｶｲﾄﾞｳ,ﾄﾖｺﾛﾁｮｳ
01646,北海道,本別町,ﾎｯｶｲﾄﾞｳ,ﾎﾝﾍﾞﾂﾁｮｳ
01647,北海道,足寄町,ﾎｯｶｲﾄﾞｳ,ｱｼｮﾛﾁｮｳ
01648,北海道,陸別町,ﾎｯｶｲﾄﾞｳ,ﾘｸﾍﾞﾂﾁｮｳ
01649,北海道,浦幌町,ﾎｯｶｲﾄﾞｳ,ｳﾗﾎﾛﾁｮｳ
01661,北海道,釧路町,ﾎｯｶｲﾄﾞｳ,ｸｼﾛﾁｮｳ
01662,北海道,厚岸町,ﾎｯｶｲﾄﾞｳ,ｱｯｹｼﾁｮｳ
01663,北海道,浜中町,ﾎｯｶｲﾄﾞｳ,ﾊﾏﾅｶﾁｮｳ
01664,北海道,標茶町,ﾎｯｶｲﾄﾞｳ,ｼﾍﾞﾁｬﾁｮｳ
01665,北海道,弟子屈町,ﾎｯｶｲﾄﾞｳ,ﾃｼｶｶﾞﾁｮｳ
01667,北海道,鶴居村,ﾎｯｶｲﾄﾞｳ,ﾂﾙｲﾑﾗ
01668,北海道,白糠町,ﾎｯｶｲﾄﾞｳ,ｼﾗﾇｶﾁｮｳ
01691,北海道,別海町,ﾎｯｶｲﾄﾞｳ,ﾍﾞﾂｶｲﾁｮｳ
01692,北海道,中標津町,ﾎｯｶｲﾄﾞｳ,ﾅｶｼﾍﾞﾂﾁｮｳ
01693,北海道,標津町,ﾎｯｶｲﾄﾞｳ,ｼﾍﾞﾂﾁｮｳ
01694,北海道,羅臼町,ﾎｯｶｲﾄﾞｳ,ﾗｳｽﾁｮｳ
01695,北海道,色丹村,ﾎｯｶｲﾄﾞｳ,ｼｺﾀﾝﾑﾗ
01696,北海道,泊村,ﾎｯｶｲﾄﾞｳ,ﾄﾏﾘﾑﾗ
01697,北海道,留夜別村,ﾎｯｶｲﾄﾞｳ,ﾙﾔﾍﾞﾂﾑﾗ
01698,北海道,留別村,ﾎｯｶｲﾄﾞｳ,ﾙﾍﾞﾂﾑﾗ
01699,北海道,紗那村,ﾎｯｶｲﾄﾞｳ,ｼｬﾅﾑﾗ
01700,北海道,蘂取村,ﾎｯｶｲﾄﾞｳ,ｼﾍﾞﾄﾛﾑﾗ
02000,青森県,,ｱｵﾓﾘｹﾝ,
02201,青森県,青森市,ｱｵﾓﾘｹﾝ,ｱｵﾓﾘｼ
02202,青森県,弘前市,ｱｵﾓﾘｹﾝ,ﾋﾛｻｷｼ
02203,青森県,八戸市,ｱｵﾓﾘｹﾝ,ﾊﾁﾉﾍｼ
02204,青森県,黒石市,ｱｵﾓﾘｹﾝ,ｸﾛｲｼｼ
02205,青森県,五所川原市,ｱｵﾓﾘｹﾝ,ｺﾞｼｮｶﾞﾜﾗｼ
02206,青森県,十和田市,ｱｵﾓﾘｹﾝ,ﾄﾜﾀﾞｼ
02207,青森県,三沢市,ｱｵﾓﾘｹﾝ,ﾐｻﾜｼ
02208,青森県,むつ市,ｱｵﾓﾘｹﾝ,ﾑﾂｼ
02209,青森県,つがる市,ｱｵﾓﾘｹﾝ,ﾂｶﾞﾙｼ
02210,青森県,平川市,ｱｵﾓﾘｹﾝ,ﾋﾗｶﾜｼ
02301,青森県,平内町,ｱｵﾓﾘｹﾝ,ﾋﾗﾅｲﾏﾁ
02303,青森県,今別町,ｱｵﾓﾘｹﾝ,ｲﾏﾍﾞﾂﾏﾁ
02304,青森県,蓬田村,ｱｵﾓﾘｹﾝ,ﾖﾓｷﾞﾀﾑﾗ
02307,青森県,外ヶ浜町,ｱｵﾓﾘｹﾝ,ｿﾄｶﾞﾊﾏﾏﾁ
02321,青森県,鰺ヶ沢町,ｱｵﾓﾘｹﾝ,ｱｼﾞｶﾞｻﾜﾏﾁ
02323,青森県,深浦町,ｱｵﾓﾘｹﾝ,ﾌｶｳﾗﾏﾁ
02343,青森県,西目屋村,ｱｵﾓﾘｹﾝ,ﾆｼﾒﾔﾑﾗ
02361,青森県,藤崎町,ｱｵﾓﾘｹﾝ,ﾌｼﾞｻｷﾏﾁ
02362,青森県,大鰐町,ｱｵﾓﾘｹﾝ,ｵｵﾜﾆﾏﾁ
02367,青森県,田舎館村,ｱｵﾓﾘｹﾝ,ｲﾅｶﾀﾞﾃﾑﾗ
02381,青森県,板柳町,ｱｵﾓﾘｹﾝ,ｲﾀﾔﾅｷﾞﾏﾁ
02384,青森県,鶴田町,ｱｵﾓﾘｹﾝ,ﾂﾙﾀﾏﾁ
02387,青森県,中泊町,ｱｵﾓﾘｹﾝ,ﾅｶﾄﾞﾏﾘﾏﾁ
02401,青森県,野辺地町,ｱｵﾓﾘｹﾝ,ﾉﾍｼﾞﾏﾁ
02402,青森県,七戸町,ｱｵﾓﾘｹﾝ,ｼﾁﾉﾍﾏﾁ
02405,青森県,六戸町,ｱｵﾓﾘｹﾝ,ﾛｸﾉﾍﾏﾁ
02406,青森県,横浜町,ｱｵﾓﾘｹﾝ,ﾖｺﾊﾏﾏﾁ
02408,青森県,東北町,ｱｵﾓﾘｹﾝ,ﾄｳﾎｸﾏﾁ
02411,青森県,六ヶ所村,ｱｵﾓﾘｹﾝ,ﾛｯｶｼｮﾑﾗ
02412,青森県,おいらせ町,ｱｵﾓﾘｹﾝ,ｵｲﾗｾﾁｮｳ
02423,青森県,大間町,ｱｵﾓﾘｹﾝ,ｵｵﾏﾏﾁ
02424,青森県,東通村,ｱｵﾓﾘｹﾝ,ﾋｶﾞｼﾄﾞｵﾘﾑﾗ
02425,青森県,風間浦村,ｱｵﾓﾘｹﾝ,ｶｻﾞﾏｳﾗﾑﾗ
02426,青森県,佐井村,ｱｵﾓﾘｹﾝ,ｻｲﾑﾗ
02441,青森県,三戸町,ｱｵﾓﾘｹﾝ,ｻﾝﾉﾍﾏﾁ
02442,青森県,五戸町,ｱｵﾓﾘｹﾝ,ｺﾞﾉﾍﾏﾁ
02443,青森県,田子町,ｱｵﾓﾘｹﾝ,ﾀｯｺﾏﾁ
02445,青森県,南部町,ｱｵﾓﾘｹﾝ,ﾅﾝﾌﾞﾁｮｳ
02446,青森県,階上町,ｱｵﾓﾘｹﾝ,ﾊｼｶﾐﾁｮｳ
02450,青森県,新郷村,ｱｵﾓﾘｹﾝ,ｼﾝｺﾞｳﾑﾗ
03000,岩手県,,ｲﾜﾃｹﾝ,
03201,岩手県,盛岡市,ｲﾜﾃｹﾝ,ﾓﾘｵｶｼ
03202,岩手県,宮古市,ｲﾜﾃｹﾝ,ﾐﾔｺｼ
03203,岩手県,大船渡市,ｲﾜﾃｹﾝ,ｵｵﾌﾅﾄｼ
03205,岩手県,花巻市,ｲﾜﾃｹﾝ,ﾊﾅﾏｷｼ
03206,岩手県,北上市,ｲﾜﾃｹﾝ,ｷﾀｶﾐｼ
03207,岩手県,久慈市,ｲﾜﾃｹﾝ,ｸｼﾞｼ
03208,岩手県,遠野市,ｲﾜﾃｹﾝ,ﾄｵﾉｼ
03209,岩手県,一関市,ｲﾜﾃｹﾝ,ｲﾁﾉｾｷｼ
03210,岩手県,陸前高田市,ｲﾜﾃｹﾝ,ﾘｸｾﾞﾝﾀｶﾀｼ
03211,岩手県,釜石市,ｲﾜﾃｹﾝ,ｶﾏｲｼｼ
03213,岩手県,二戸市,ｲﾜﾃｹﾝ,ﾆﾉﾍｼ
03214,岩手県,八幡平市,ｲﾜﾃｹﾝ,ﾊﾁﾏﾝﾀｲｼ
03215,岩手県,奥州市,ｲﾜﾃｹﾝ,ｵｳｼｭｳｼ
03216,岩手県,滝沢市,ｲﾜﾃｹﾝ,ﾀｷｻﾞﾜｼ
03301,岩手県,雫石町,ｲﾜﾃｹﾝ,ｼｽﾞｸｲｼﾁｮｳ
03302,岩手県,葛巻町,ｲﾜﾃｹﾝ,ｸｽﾞﾏｷﾏﾁ
03303,岩手県,岩手町,ｲﾜﾃｹﾝ,ｲﾜﾃﾏﾁ
03321,岩手県,紫波町,ｲﾜﾃｹﾝ,ｼﾜﾁｮｳ
03322,岩手県,矢巾町,ｲﾜﾃｹﾝ,ﾔﾊﾊﾞﾁｮｳ
03366,岩手県,西和賀町,ｲﾜﾃｹﾝ,ﾆｼﾜｶﾞﾏﾁ
03381,岩手県,金ケ崎町,ｲﾜﾃｹﾝ,ｶﾈｶﾞｻｷﾁｮｳ
03402,岩手県,平泉町,ｲﾜﾃｹﾝ,ﾋﾗｲｽﾞﾐﾁｮｳ
03441,岩手県,住田町,ｲﾜﾃｹﾝ,ｽﾐﾀﾁｮｳ
03461,岩手県,大槌町,ｲﾜﾃｹﾝ,ｵｵﾂﾁﾁｮｳ
03482,岩手県,山田町,ｲﾜﾃｹﾝ,ﾔﾏﾀﾞﾏﾁ
03483,岩手県,岩泉町,ｲﾜﾃｹﾝ,ｲﾜｲｽﾞﾐﾁｮｳ
03484,岩手県,田野畑村,ｲﾜﾃｹﾝ,ﾀﾉﾊﾀﾑﾗ
03485,岩手県,普代村,ｲﾜﾃｹﾝ,ﾌﾀﾞｲﾑﾗ
03501,岩手県,軽米町,ｲﾜﾃｹﾝ,ｶﾙﾏｲﾏﾁ
03503,岩手県,野田村,ｲﾜﾃｹﾝ,ﾉﾀﾞﾑﾗ
03506,岩手県,九戸村,ｲﾜﾃｹﾝ,ｸﾉﾍﾑﾗ
03507,岩手県,洋野町,ｲﾜﾃｹﾝ,ﾋﾛﾉﾁｮｳ
03524,岩手県,一戸町,ｲﾜﾃｹﾝ,ｲﾁﾉﾍﾏﾁ
04000,宮城県,,ﾐﾔｷﾞｹﾝ,
04100,宮城県,仙台市,ﾐﾔｷﾞｹﾝ,ｾﾝﾀﾞｲｼ
04202,宮城県,石巻市,ﾐﾔｷﾞｹﾝ,ｲｼﾉﾏｷｼ
04203,宮城県,塩竈市,ﾐﾔｷﾞｹﾝ,ｼｵｶﾞﾏｼ
04205,宮城県,気仙沼市,ﾐﾔｷﾞｹﾝ,ｹｾﾝﾇﾏｼ
04206,宮城県,白石市,ﾐﾔｷﾞｹﾝ,ｼﾛｲｼｼ
04207,宮城県,名取市,ﾐﾔｷﾞｹﾝ,ﾅﾄﾘｼ
04208,宮城県,角田市,ﾐﾔｷﾞｹﾝ,ｶｸﾀﾞｼ
04209,宮城県,多賀城市,ﾐﾔｷﾞｹﾝ,ﾀｶﾞｼﾞｮｳｼ
04211,宮城県,岩沼市,ﾐﾔｷﾞｹﾝ,ｲﾜﾇﾏｼ
04212,宮城県,登米市,ﾐﾔｷﾞｹﾝ,ﾄﾒｼ
04213,宮城県,栗原市,ﾐﾔｷﾞｹﾝ,ｸﾘﾊﾗｼ
04214,宮城県,東松島市,ﾐﾔｷﾞｹﾝ,ﾋｶﾞｼﾏﾂｼﾏｼ
04215,宮城県,大崎市,ﾐﾔｷﾞｹﾝ,ｵｵｻｷｼ
04216,宮城県,富谷市,ﾐﾔｷﾞｹﾝ,ﾄﾐﾔｼ
04301,宮城県,蔵王町,ﾐﾔｷﾞｹﾝ,ｻﾞｵｳﾏﾁ
04302,宮城県,七ヶ宿町,ﾐﾔｷﾞｹﾝ,ｼﾁｶｼｭｸﾏﾁ
04321,宮城県,大河原町,ﾐﾔｷﾞｹﾝ,ｵｵｶﾞﾜﾗﾏﾁ
04322,宮城県,村田町,ﾐﾔｷﾞｹﾝ,ﾑﾗﾀﾏﾁ
04323,宮城県,柴田町,ﾐﾔｷﾞｹﾝ,ｼﾊﾞﾀﾏﾁ
04324,宮城県,川崎町,ﾐﾔｷﾞｹﾝ,ｶﾜｻｷﾏﾁ
04341,宮城県,丸森町,ﾐﾔｷﾞｹﾝ,ﾏﾙﾓﾘﾏﾁ
04361,宮城県,亘理町,ﾐﾔｷﾞｹﾝ,ﾜﾀﾘﾁｮｳ
04362,宮城県,山元町,ﾐﾔｷﾞｹﾝ,ﾔﾏﾓﾄﾁｮｳ
04401,宮城県,松島町,ﾐﾔｷﾞｹﾝ,ﾏﾂｼﾏﾏﾁ
04404,宮城県,七ヶ浜町,ﾐﾔｷﾞｹﾝ,ｼﾁｶﾞﾊﾏﾏﾁ
04406,宮城県,利府町,ﾐﾔｷﾞｹﾝ,ﾘﾌﾁｮｳ
04421,宮城県,大和町,ﾐﾔｷﾞｹﾝ,ﾀｲﾜﾁｮｳ
04422,宮城県,大郷町,ﾐﾔｷﾞｹﾝ,ｵｵｻﾄﾁｮｳ
04424,宮城県,大衡村,ﾐﾔｷﾞｹﾝ,ｵｵﾋﾗﾑﾗ
04444,宮城県,色麻町,ﾐﾔｷﾞｹﾝ,ｼｶﾏﾁｮｳ
04445,宮城県,加美町,ﾐﾔｷﾞｹﾝ,ｶﾐﾏﾁ
04501,宮城県,涌谷町,ﾐﾔｷﾞｹﾝ,ﾜｸﾔﾁｮｳ
04505,宮城県,美里町,ﾐﾔｷﾞｹﾝ,ﾐｻﾄﾏﾁ
04581,宮城県,女川町,ﾐﾔｷﾞｹﾝ,ｵﾅｶﾞﾜﾁｮｳ
04606,宮城県,南三陸町,ﾐﾔｷﾞｹﾝ,ﾐﾅﾐｻﾝﾘｸﾁｮｳ
05000,秋田県,,ｱｷﾀｹﾝ,
05201,秋田県,秋田市,ｱｷﾀｹﾝ,ｱｷﾀｼ
05202,秋田県,能代市,ｱｷﾀｹﾝ,ﾉｼﾛｼ
05203,秋田県,横手市,ｱｷﾀｹﾝ,ﾖｺﾃｼ
05204,秋田県,大館市,ｱｷﾀｹﾝ,ｵｵﾀﾞﾃｼ
05206,秋田県,男鹿市,ｱｷﾀｹﾝ,ｵｶﾞｼ
05207,秋田県,湯沢市,ｱｷﾀｹﾝ,ﾕｻﾞﾜｼ
05209,秋田県,鹿角市,ｱｷﾀｹﾝ,ｶﾂﾞﾉｼ
05210,秋田県,由利本荘市,ｱｷﾀｹﾝ,ﾕﾘﾎﾝｼﾞｮｳｼ
05211,秋田県,潟上市,ｱｷﾀｹﾝ,ｶﾀｶﾞﾐｼ
05212,秋田県,大仙市,ｱｷﾀｹﾝ,ﾀﾞｲｾﾝｼ
05213,秋田県,北秋田市,ｱｷﾀｹﾝ,ｷﾀｱｷﾀｼ
05214,秋田県,にかほ市,ｱｷﾀｹﾝ,ﾆｶﾎｼ
05215,秋田県,仙北市,ｱｷﾀｹﾝ,ｾﾝﾎﾞｸｼ
05303,秋田県,小坂町,ｱｷﾀｹﾝ,ｺｻｶﾏﾁ
05327,秋田県,上小阿仁村,ｱｷﾀｹﾝ,ｶﾐｺｱﾆﾑﾗ
05346,秋田県,藤里町,ｱｷﾀｹﾝ,ﾌｼﾞｻﾄﾏﾁ
05348,秋田県,三種町,ｱｷﾀｹﾝ,ﾐﾀﾈﾁｮｳ
05349,秋田県,八峰町,ｱｷﾀｹﾝ,ﾊｯﾎﾟｳﾁｮｳ
05361,秋田県,五城目町,ｱｷﾀｹﾝ,ｺﾞｼﾞｮｳﾒﾏﾁ
05363,秋田県,八郎潟町,ｱｷﾀｹﾝ,ﾊﾁﾛｳｶﾞﾀﾏﾁ
05366,秋田県,井川町,ｱｷﾀｹﾝ,ｲｶﾜﾏﾁ
05368,秋田県,大潟村,ｱｷﾀｹﾝ,ｵｵｶﾞﾀﾑﾗ
05434,秋田県,美郷町,ｱｷﾀｹﾝ,ﾐｻﾄﾁｮｳ
05463,秋田県,羽後町,ｱｷﾀｹﾝ,ｳｺﾞﾏﾁ
05464,秋田県,東成瀬村,ｱｷﾀｹﾝ,ﾋｶﾞｼﾅﾙｾﾑﾗ
06000,山形県,,ﾔﾏｶﾞﾀｹﾝ,
06201,山形県,山形市,ﾔﾏｶﾞﾀｹﾝ,ﾔﾏｶﾞﾀｼ
06202,山形県,米沢市,ﾔﾏｶﾞﾀｹﾝ,ﾖﾈｻﾞﾜｼ
06203,山形県,鶴岡市,ﾔﾏｶﾞﾀｹﾝ,ﾂﾙｵｶｼ
06204,山形県,酒田市,ﾔﾏｶﾞﾀｹﾝ,ｻｶﾀｼ
06205,山形県,新庄市,ﾔﾏｶﾞﾀｹﾝ,ｼﾝｼﾞｮｳｼ
06206,山形県,寒河江市,ﾔﾏｶﾞﾀｹﾝ,ｻｶﾞｴｼ
06207,山形県,上山市,ﾔﾏｶﾞﾀｹﾝ,ｶﾐﾉﾔﾏｼ
06208,山形県,村山市,ﾔﾏｶﾞﾀｹﾝ,ﾑﾗﾔﾏｼ
06209,山形県,長井市,ﾔﾏｶﾞﾀｹﾝ,ﾅｶﾞｲｼ
06210,山形県,天童市,ﾔﾏｶﾞﾀｹﾝ,ﾃﾝﾄﾞｳｼ
06211,山形県,東根市,ﾔﾏｶﾞﾀｹﾝ,ﾋｶﾞｼﾈｼ
06212,山形県,尾花沢市,ﾔﾏｶﾞﾀｹﾝ,ｵﾊﾞﾅｻﾞﾜｼ
06213,山形県,南陽市,ﾔﾏｶﾞﾀｹﾝ,ﾅﾝﾖｳｼ
06301,山形県,山辺町,ﾔﾏｶﾞﾀｹﾝ,ﾔﾏﾉﾍﾞﾏﾁ
06302,山形県,中山町,ﾔﾏｶﾞﾀｹﾝ,ﾅｶﾔﾏﾏﾁ
06321,山形県,河北町,ﾔﾏｶﾞﾀｹﾝ,ｶﾎｸﾁｮｳ
06322,山形県,西川町,ﾔﾏｶﾞﾀｹﾝ,ﾆｼｶﾜﾏﾁ
06323,山形県,朝日町,ﾔﾏｶﾞﾀｹﾝ,ｱｻﾋﾏﾁ
06324,山形県,大江町,ﾔﾏｶﾞﾀｹﾝ,ｵｵｴﾏﾁ
06341,山形県,大石田町,ﾔﾏｶﾞﾀｹﾝ,ｵｵｲｼﾀﾞﾏﾁ
06361,山形県,金山町,ﾔﾏｶﾞﾀｹﾝ,ｶﾈﾔﾏﾏﾁ
06362,山形県,最上町,ﾔﾏｶﾞﾀｹﾝ,ﾓｶﾞﾐﾏﾁ
06363,山形県,舟形町,ﾔﾏｶﾞﾀｹﾝ,ﾌﾅｶﾞﾀﾏﾁ
06364,山形県,真室川町,ﾔﾏｶﾞﾀｹﾝ,ﾏﾑﾛｶﾞﾜﾏﾁ
06365,山形県,大蔵村,ﾔﾏｶﾞﾀｹﾝ,ｵｵｸﾗﾑﾗ
06366,山形県,鮭川村,ﾔﾏｶﾞﾀｹﾝ,ｻｹｶﾞﾜﾑﾗ
06367,山形県,戸沢村,ﾔﾏｶﾞﾀｹﾝ,ﾄｻﾞﾜﾑﾗ
06381,山形県,高畠町,ﾔﾏｶﾞﾀｹﾝ,ﾀｶﾊﾀﾏﾁ
06382,山形県,川西町,ﾔﾏｶﾞﾀｹﾝ,ｶﾜﾆｼﾏﾁ
06401,山形県,小国町,ﾔﾏｶﾞﾀｹﾝ,ｵｸﾞﾆﾏﾁ
06402,山形県,白鷹町,ﾔﾏｶﾞﾀｹﾝ,ｼﾗﾀｶﾏﾁ
06403,山形県,飯豊町,ﾔﾏｶﾞﾀｹﾝ,ｲｲﾃﾞﾏﾁ
06426,山形県,三川町,ﾔﾏｶﾞﾀｹﾝ,ﾐｶﾜﾏﾁ
06428,山形県,庄内町,ﾔﾏｶﾞﾀｹﾝ,ｼﾖｳﾅｲﾏﾁ
06461,山形県,遊佐町,ﾔﾏｶﾞﾀｹﾝ,ﾕｻﾞﾏﾁ
07000,福島県,,ﾌｸｼﾏｹﾝ,
07201,福島県,福島市,ﾌｸｼﾏｹﾝ,ﾌｸｼﾏｼ
07202,福島県,会津若松市,ﾌｸｼﾏｹﾝ,ｱｲﾂﾞﾜｶﾏﾂｼ
07203,福島県,郡山市,ﾌｸｼﾏｹﾝ,ｺｵﾘﾔﾏｼ
07204,福島県,いわき市,ﾌｸｼﾏｹﾝ,ｲﾜｷｼ
07205,福島県,白河市,ﾌｸｼﾏｹﾝ,ｼﾗｶﾜｼ
07207,福島県,須賀川市,ﾌｸｼﾏｹﾝ,ｽｶｶﾞﾜｼ
07208,福島県,喜多方市,ﾌｸｼﾏｹﾝ,ｷﾀｶﾀｼ
07209,福島県,相馬市,ﾌｸｼﾏｹﾝ,ｿｳﾏｼ
07210,福島県,二本松市,ﾌｸｼﾏｹﾝ,ﾆﾎﾝﾏﾂｼ
07211,福島県,田村市,ﾌｸｼﾏｹﾝ,ﾀﾑﾗｼ
07212,福島県,南相馬市,ﾌｸｼﾏｹﾝ,ﾐﾅﾐｿｳﾏｼ
07213,福島県,伊達市,ﾌｸｼﾏｹﾝ,ﾀﾞﾃｼ
07214,福島県,本宮市,ﾌｸｼﾏｹﾝ,ﾓﾄﾐﾔｼ
07301,福島県,桑折町,ﾌｸｼﾏｹﾝ,ｺｵﾘﾏﾁ
07303,福島県,国見町,ﾌｸｼﾏｹﾝ,ｸﾆﾐﾏﾁ
07308,福島県,川俣町,ﾌｸｼﾏｹﾝ,ｶﾜﾏﾀﾏﾁ
07322,福島県,大玉村,ﾌｸｼﾏｹﾝ,ｵｵﾀﾏﾑﾗ
07342,福島県,鏡石町,ﾌｸｼﾏｹﾝ,ｶｶﾞﾐｲｼﾏﾁ
07344,福島県,天栄村,ﾌｸｼﾏｹﾝ,ﾃﾝｴｲﾑﾗ
07362,福島県,下郷町,ﾌｸｼﾏｹﾝ,ｼﾓｺﾞｳﾏﾁ
07364,福島県,檜枝岐村,ﾌｸｼﾏｹﾝ,ﾋﾉｴﾏﾀﾑﾗ
07367,福島県,只見町,ﾌｸｼﾏｹﾝ,ﾀﾀﾞﾐﾏﾁ
07368,福島県,南会津町,ﾌｸｼﾏｹﾝ,ﾐﾅﾐｱｲﾂﾞﾏﾁ
07402,福島県,北塩原村,ﾌｸｼﾏｹﾝ,ｷﾀｼｵﾊﾞﾗﾑﾗ
07405,福島県,西会津町,ﾌｸｼﾏｹﾝ,ﾆｼｱｲﾂﾞﾏﾁ
07407,福島県,磐梯町,ﾌｸｼﾏｹﾝ,ﾊﾞﾝﾀﾞｲﾏﾁ
07408,福島県,猪苗代町,ﾌｸｼﾏｹﾝ,ｲﾅﾜｼﾛﾏﾁ
07421,福島県,会津坂下町,ﾌｸｼﾏｹﾝ,ｱｲﾂﾞﾊﾞﾝｹﾞﾏﾁ
07422,福島県,湯川村,ﾌｸｼﾏｹﾝ,ﾕｶﾞﾜﾑﾗ
07423,福島県,柳津町,ﾌｸｼﾏｹﾝ,ﾔﾅｲﾂﾞﾏﾁ
07444,福島県,三島町,ﾌｸｼﾏｹﾝ,ﾐｼﾏﾏﾁ
07445,福島県,金山町,ﾌｸｼﾏｹﾝ,ｶﾈﾔﾏﾏﾁ
07446,福島県,昭和村,ﾌｸｼﾏｹﾝ,ｼｮｳﾜﾑﾗ
07447,福島県,会津美里町,ﾌｸｼﾏｹﾝ,ｱｲﾂﾞﾐｻﾄﾏﾁ
07461,福島県,西郷村,ﾌｸｼﾏｹﾝ,ﾆｼｺﾞｳﾑﾗ
07464,福島県,泉崎村,ﾌｸｼﾏｹﾝ,ｲｽﾞﾐｻﾞｷﾑﾗ
07465,福島県,中島村,ﾌｸｼﾏｹﾝ,ﾅｶｼﾞﾏﾑﾗ
07466,福島県,矢吹町,ﾌｸｼﾏｹﾝ,ﾔﾌﾞｷﾏﾁ
07481,福島県,棚倉町,ﾌｸｼﾏｹﾝ,ﾀﾅｸﾞﾗﾏﾁ
07482,福島県,矢祭町,ﾌｸｼﾏｹﾝ,ﾔﾏﾂﾘﾏﾁ
07483,福島県,塙町,ﾌｸｼﾏｹﾝ,ﾊﾅﾜﾏﾁ
07484,福島県,鮫川村,ﾌｸｼﾏｹﾝ,ｻﾒｶﾞﾜﾑﾗ
07501,福島県,石川町,ﾌｸｼﾏｹﾝ,ｲｼｶﾜﾏﾁ
07502,福島県,玉川村,ﾌｸｼﾏｹﾝ,ﾀﾏｶﾜﾑﾗ
07503,福島県,平田村,ﾌｸｼﾏｹﾝ,ﾋﾗﾀﾑﾗ
07504,福島県,浅川町,ﾌｸｼﾏｹﾝ,ｱｻｶﾜﾏﾁ
07505,福島県,古殿町,ﾌｸｼﾏｹﾝ,ﾌﾙﾄﾞﾉﾏﾁ
07521,福島県,三春町,ﾌｸｼﾏｹﾝ,ﾐﾊﾙﾏﾁ
07522,福島県,小野町,ﾌｸｼﾏｹﾝ,ｵﾉﾏﾁ
07541,福島県,広野町,ﾌｸｼﾏｹﾝ,ﾋﾛﾉﾏﾁ
07542,福島県,楢葉町,ﾌｸｼﾏｹﾝ,ﾅﾗﾊﾏﾁ
07543,福島県,富岡町,ﾌｸｼﾏｹﾝ,ﾄﾐｵｶﾏﾁ
07544,福島県,川内村,ﾌｸｼﾏｹﾝ,ｶﾜｳﾁﾑﾗ
07545,福島県,大熊町,ﾌｸｼﾏｹﾝ,ｵｵｸﾏﾏﾁ
07546,福島県,双葉町,ﾌｸｼﾏｹﾝ,ﾌﾀﾊﾞﾏﾁ
07547,福島県,浪江町,ﾌｸｼﾏｹﾝ,ﾅﾐｴﾏﾁ
07548,福島県,葛尾村,ﾌｸｼﾏｹﾝ,ｶﾂﾗｵﾑﾗ
07561,福島県,新地町,ﾌｸｼﾏｹﾝ,ｼﾝﾁﾏﾁ
07564,福島県,飯舘村,ﾌｸｼﾏｹﾝ,ｲｲﾀﾃﾑﾗ
08000,茨城県,,ｲﾊﾞﾗｷｹﾝ,
08201,茨城県,水戸市,ｲﾊﾞﾗｷｹﾝ,ﾐﾄｼ
08202,茨城県,日立市,ｲﾊﾞﾗｷｹﾝ,ﾋﾀﾁｼ
08203,茨城県,土浦市,ｲﾊﾞﾗｷｹﾝ,ﾂﾁｳﾗｼ
08204,茨城県,古河市,ｲﾊﾞﾗｷｹﾝ,ｺｶﾞｼ
08205,茨城県,石岡市,ｲﾊﾞﾗｷｹﾝ,ｲｼｵｶｼ
08207,茨城県,結城市,ｲﾊﾞﾗｷｹﾝ,ﾕｳｷｼ
08208,茨城県,龍ケ崎市,ｲﾊﾞﾗｷｹﾝ,ﾘｭｳｶﾞｻｷｼ
08210,茨城県,下妻市,ｲﾊﾞﾗｷｹﾝ,ｼﾓﾂﾏｼ
08211,茨城県,常総市,ｲﾊﾞﾗｷｹﾝ,ｼﾞｮｳｿｳｼ
08212,茨城県,常陸太田市,ｲﾊﾞﾗｷｹﾝ,ﾋﾀﾁｵｵﾀｼ
08214,茨城県,高萩市,ｲﾊﾞﾗｷｹﾝ,ﾀｶﾊｷﾞｼ
08215,茨城県,北茨城市,ｲﾊﾞﾗｷｹﾝ,ｷﾀｲﾊﾞﾗｷｼ
08216,茨城県,笠間市,ｲﾊﾞﾗｷｹﾝ,ｶｻﾏｼ
08217,茨城県,取手市,ｲﾊﾞﾗｷｹﾝ,ﾄﾘﾃﾞｼ
08219,茨城県,牛久市,ｲﾊﾞﾗｷｹﾝ,ｳｼｸｼ
08220,茨城県,つくば市,ｲﾊﾞﾗｷｹﾝ,ﾂｸﾊﾞｼ
08221,茨城県,ひたちなか市,ｲﾊﾞﾗｷｹﾝ,ﾋﾀﾁﾅｶｼ
08222,茨城県,鹿嶋市,ｲﾊﾞﾗｷｹﾝ,ｶｼﾏｼ
08223,茨城県,潮来市,ｲﾊﾞﾗｷｹﾝ,ｲﾀｺｼ
08224,茨城県,守谷市,ｲﾊﾞﾗｷｹﾝ,ﾓﾘﾔｼ
08225,茨城県,常陸大宮市,ｲﾊﾞﾗｷｹﾝ,ﾋﾀﾁｵｵﾐﾔｼ
08226,茨城県,那珂市,ｲﾊﾞﾗｷｹﾝ,ﾅｶｼ
08227,茨城県,筑西市,ｲﾊﾞﾗｷｹﾝ,ﾁｸｾｲｼ
08228,茨城県,坂東市,ｲﾊﾞﾗｷｹﾝ,ﾊﾞﾝﾄﾞｳｼ
08229,茨城県,稲敷市,ｲﾊﾞﾗｷｹﾝ,ｲﾅｼｷｼ
08230,茨城県,かすみがうら市,ｲﾊﾞﾗｷｹﾝ,ｶｽﾐｶﾞｳﾗｼ
08231,茨城県,桜川市,ｲﾊﾞﾗｷｹﾝ,ｻｸﾗｶﾞﾜｼ
08232,茨城県,神栖市,ｲﾊﾞﾗｷｹﾝ,ｶﾐｽｼ
08233,茨城県,行方市,ｲﾊﾞﾗｷｹﾝ,ﾅﾒｶﾞﾀｼ
08234,茨城県,鉾田市,ｲﾊﾞﾗｷｹﾝ,ﾎｺﾀｼ
08235,茨城県,つくばみらい市,ｲﾊﾞﾗｷｹﾝ,ﾂｸﾊﾞﾐﾗｲｼ
08236,茨城県,小美玉市,ｲﾊﾞﾗｷｹﾝ,ｵﾐﾀﾏｼ
08302,茨城県,茨城町,ｲﾊﾞﾗｷｹﾝ,ｲﾊﾞﾗｷﾏﾁ
08309,茨城県,大洗町,ｲﾊﾞﾗｷｹﾝ,ｵｵｱﾗｲﾏﾁ
08310,茨城県,城里町,ｲﾊﾞﾗｷｹﾝ,ｼﾛｻﾄﾏﾁ
08341,茨城県,東海村,ｲﾊﾞﾗｷｹﾝ,ﾄｳｶｲﾑﾗ
08364,茨城県,大子町,ｲﾊﾞﾗｷｹﾝ,ﾀﾞｲｺﾞﾏﾁ
08442,茨城県,美浦村,ｲﾊﾞﾗｷｹﾝ,ﾐﾎﾑﾗ
08443,茨城県,阿見町,ｲﾊﾞﾗｷｹﾝ,ｱﾐﾏﾁ
08447,茨城県,河内町,ｲﾊﾞﾗｷｹﾝ,ｶﾜﾁﾏﾁ
08521,茨城県,八千代町,ｲﾊﾞﾗｷｹﾝ,ﾔﾁﾖﾏﾁ
08542,茨城県,五霞町,ｲﾊﾞﾗｷｹﾝ,ｺﾞｶﾏﾁ
08546,茨城県,境町,ｲﾊﾞﾗｷｹﾝ,ｻｶｲﾏﾁ
08564,茨城県,利根町,ｲﾊﾞﾗｷｹﾝ,ﾄﾈﾏﾁ
09000,栃木県,,ﾄﾁｷﾞｹﾝ,
09201,栃木県,宇都宮市,ﾄﾁｷﾞｹﾝ,ｳﾂﾉﾐﾔｼ
09202,栃木県,足利市,ﾄﾁｷﾞｹﾝ,ｱｼｶｶﾞｼ
09203,栃木県,栃木市,ﾄﾁｷﾞｹﾝ,ﾄﾁｷﾞｼ
09204,栃木県,佐野市,ﾄﾁｷﾞｹﾝ,ｻﾉｼ
09205,栃木県,鹿沼市,ﾄﾁｷﾞｹﾝ,ｶﾇﾏｼ
09206,栃木県,日光市,ﾄﾁｷﾞｹﾝ,ﾆｯｺｳｼ
09208,栃木県,小山市,ﾄﾁｷﾞｹﾝ,ｵﾔﾏｼ
09209,栃木県,真岡市,ﾄﾁｷﾞｹﾝ,ﾓｵｶｼ
09210,栃木県,大田原市,ﾄﾁｷﾞｹﾝ,ｵｵﾀﾜﾗｼ
09211,栃木県,矢板市,ﾄﾁｷﾞｹﾝ,ﾔｲﾀｼ
09213,栃木県,那須塩原市,ﾄﾁｷﾞｹﾝ,ﾅｽｼｵﾊﾞﾗｼ
09214,栃木県,さくら市,ﾄﾁｷﾞｹﾝ,ｻｸﾗｼ
09215,栃木県,那須烏山市,ﾄﾁｷﾞｹﾝ,ﾅｽｶﾗｽﾔﾏｼ
09216,栃木県,下野市,ﾄﾁｷﾞｹﾝ,ｼﾓﾂｹｼ
09301,栃木県,上三川町,ﾄﾁｷﾞｹﾝ,ｶﾐﾉｶﾜﾏﾁ
09342,栃木県,益子町,ﾄﾁｷﾞｹﾝ,ﾏｼｺﾏﾁ
09343,栃木県,茂木町,ﾄﾁｷﾞｹﾝ,ﾓﾃｷﾞﾏﾁ
09344,栃木県,市貝町,ﾄﾁｷﾞｹﾝ,ｲﾁｶｲﾏﾁ
09345,栃木県,芳賀町,ﾄﾁｷﾞｹﾝ,ﾊｶﾞﾏﾁ
09361,栃木県,壬生町,ﾄﾁｷﾞｹﾝ,ﾐﾌﾞﾏﾁ
09364,栃木県,野木町,ﾄﾁｷﾞｹﾝ,ﾉｷﾞﾏﾁ
09384,栃木県,塩谷町,ﾄﾁｷﾞｹﾝ,ｼｵﾔﾏﾁ
09386,栃木県,高根沢町,ﾄﾁｷﾞｹﾝ,ﾀｶﾈｻﾞﾜﾏﾁ
09407,栃木県,那須町,ﾄﾁｷﾞｹﾝ,ﾅｽﾏﾁ
09411,栃木県,那珂川町,ﾄﾁｷﾞｹﾝ,ﾅｶｶﾞﾜﾏﾁ
10000,群馬県,,ｸﾞﾝﾏｹﾝ,
10201,群馬県,前橋市,ｸﾞﾝﾏｹﾝ,ﾏｴﾊﾞｼｼ
10202,群馬県,高崎市,ｸﾞﾝﾏｹﾝ,ﾀｶｻｷｼ
10203,群馬県,桐生市,ｸﾞﾝﾏｹﾝ,ｷﾘｭｳｼ
10204,群馬県,伊勢崎市,ｸﾞﾝﾏｹﾝ,ｲｾｻｷｼ
10205,群馬県,太田市,ｸﾞﾝﾏｹﾝ,ｵｵﾀｼ
10206,群馬県,沼田市,ｸﾞﾝﾏｹﾝ,ﾇﾏﾀｼ
10207,群馬県,館林市,ｸﾞﾝﾏｹﾝ,ﾀﾃﾊﾞﾔｼｼ
10208,群馬県,渋川市,ｸﾞﾝﾏｹﾝ,ｼﾌﾞｶﾜｼ
10209,群馬県,藤岡市,ｸﾞﾝﾏｹﾝ,ﾌｼﾞｵｶｼ
10210,群馬県,富岡市,ｸﾞﾝﾏｹﾝ,ﾄﾐｵｶｼ
10211,群馬県,安中市,ｸﾞﾝﾏｹﾝ,ｱﾝﾅｶｼ
10212,群馬県,みどり市,ｸﾞﾝﾏｹﾝ,ﾐﾄﾞﾘｼ
10344,群馬県,榛東村,ｸﾞﾝﾏｹﾝ,ｼﾝﾄｳﾑﾗ
10345,群馬県,吉岡町,ｸﾞﾝﾏｹﾝ,ﾖｼｵｶﾏﾁ
10366,群馬県,上野村,ｸﾞﾝﾏｹﾝ,ｳｴﾉﾑﾗ
10367,群馬県,神流町,ｸﾞﾝﾏｹﾝ,ｶﾝﾅﾏﾁ
10382,群馬県,下仁田町,ｸﾞﾝﾏｹﾝ,ｼﾓﾆﾀﾏﾁ
10383,群馬県,南牧村,ｸﾞﾝﾏｹﾝ,ﾅﾝﾓｸﾑﾗ
10384,群馬県,甘楽町,ｸﾞﾝﾏｹﾝ,ｶﾝﾗﾏﾁ
10421,群馬県,中之条町,ｸﾞﾝﾏｹﾝ,ﾅｶﾉｼﾞﾖｳﾏﾁ
10424,群馬県,長野原町,ｸﾞﾝﾏｹﾝ,ﾅｶﾞﾉﾊﾗﾏﾁ
10425,群馬県,嬬恋村,ｸﾞﾝﾏｹﾝ,ﾂﾏｺﾞｲﾑﾗ
10426,群馬県,草津町,ｸﾞﾝﾏｹﾝ,ｸｻﾂﾏﾁ
10428,群馬県,高山村,ｸﾞﾝﾏｹﾝ,ﾀｶﾔﾏﾑﾗ
10429,群馬県,東吾妻町,ｸﾞﾝﾏｹﾝ,ﾋｶﾞｼｱｶﾞﾂﾏﾏﾁ
10443,群馬県,片品村,ｸﾞﾝﾏｹﾝ,ｶﾀｼﾅﾑﾗ
10444,群馬県,川場村,ｸﾞﾝﾏｹﾝ,ｶﾜﾊﾞﾑﾗ
10448,群馬県,昭和村,ｸﾞﾝﾏｹﾝ,ｼｮｳﾜﾑﾗ
10449,群馬県,みなかみ町,ｸﾞﾝﾏｹﾝ,ﾐﾅｶﾐﾏﾁ
10464,群馬県,玉村町,ｸﾞﾝﾏｹﾝ,ﾀﾏﾑﾗﾏﾁ
10521,群馬県,板倉町,ｸﾞﾝﾏｹﾝ,ｲﾀｸﾗﾏﾁ
10522,群馬県,明和町,ｸﾞﾝﾏｹﾝ,ﾒｲﾜﾏﾁ
10523,群馬県,千代田町,ｸﾞﾝﾏｹﾝ,ﾁﾖﾀﾞﾏﾁ
10524,群馬県,大泉町,ｸﾞﾝﾏｹﾝ,ｵｵｲｽﾞﾐﾏﾁ
10525,群馬県,邑楽町,ｸﾞﾝﾏｹﾝ,ｵｳﾗﾏﾁ
11000,埼玉県,,ｻｲﾀﾏｹﾝ,
11100,埼玉県,さいたま市,ｻｲﾀﾏｹﾝ,ｻｲﾀﾏｼ
11201,埼玉県,川越市,ｻｲﾀﾏｹﾝ,ｶﾜｺﾞｴｼ
11202,埼玉県,熊谷市,ｻｲﾀﾏｹﾝ,ｸﾏｶﾞﾔｼ
11203,埼玉県,川口市,ｻｲﾀﾏｹﾝ,ｶﾜｸﾞﾁｼ
11206,埼玉県,行田市,ｻｲﾀﾏｹﾝ,ｷﾞﾖｳﾀﾞｼ
11207,埼玉県,秩父市,ｻｲﾀﾏｹﾝ,ﾁﾁﾌﾞｼ
11208,埼玉県,所沢市,ｻｲﾀﾏｹﾝ,ﾄｺﾛｻﾞﾜｼ
11209,埼玉県,飯能市,ｻｲﾀﾏｹﾝ,ﾊﾝﾉｳｼ
11210,埼玉県,加須市,ｻｲﾀﾏｹﾝ,ｶｿﾞｼ
11211,埼玉県,本庄市,ｻｲﾀﾏｹﾝ,ﾎﾝｼﾞﾖｳｼ
11212,埼玉県,東松山市,ｻｲﾀﾏｹﾝ,ﾋｶﾞｼﾏﾂﾔﾏｼ
11214,埼玉県,春日部市,ｻｲﾀﾏｹﾝ,ｶｽｶﾍﾞｼ
11215,埼玉県,狭山市,ｻｲﾀﾏｹﾝ,ｻﾔﾏｼ
11216,埼玉県,羽生市,ｻｲﾀﾏｹﾝ,ﾊﾆﾕｳｼ
11217,埼玉県,鴻巣市,ｻｲﾀﾏｹﾝ,ｺｳﾉｽｼ
11218,埼玉県,深谷市,ｻｲﾀﾏｹﾝ,ﾌｶﾔｼ
11219,埼玉県,上尾市,ｻｲﾀﾏｹﾝ,ｱｹﾞｵｼ
11221,埼玉県,草加市,ｻｲﾀﾏｹﾝ,ｿｳｶｼ
11222,埼玉県,越谷市,ｻｲﾀﾏｹﾝ,ｺｼｶﾞﾔｼ
11223,埼玉県,蕨市,ｻｲﾀﾏｹﾝ,ﾜﾗﾋﾞｼ
11224,埼玉県,戸田市,ｻｲﾀﾏｹﾝ,ﾄﾀﾞｼ
11225,埼玉県,入間市,ｻｲﾀﾏｹﾝ,ｲﾙﾏｼ
11227,埼玉県,朝霞市,ｻｲﾀﾏｹﾝ,ｱｻｶｼ
11228,埼玉県,志木市,ｻｲﾀﾏｹﾝ,ｼｷｼ
11229,埼玉県,和光市,ｻｲﾀﾏｹﾝ,ﾜｺｳｼ
11230,埼玉県,新座市,ｻｲﾀﾏｹﾝ,ﾆｲｻﾞｼ
11231,埼玉県,桶川市,ｻｲﾀﾏｹﾝ,ｵｹｶﾞﾜｼ
11232,埼玉県,久喜市,ｻｲﾀﾏｹﾝ,ｸｷｼ
11233,埼玉県,北本市,ｻｲﾀﾏｹﾝ,ｷﾀﾓﾄｼ
11234,埼玉県,八潮市,ｻｲﾀﾏｹﾝ,ﾔｼｵｼ
11235,埼玉県,富士見市,ｻｲﾀﾏｹﾝ,ﾌｼﾞﾐｼ
11237,埼玉県,三郷市,ｻｲﾀﾏｹﾝ,ﾐｻﾄｼ
11238,埼玉県,蓮田市,ｻｲﾀﾏｹﾝ,ﾊｽﾀﾞｼ
11239,埼玉県,坂戸市,ｻｲﾀﾏｹﾝ,ｻｶﾄﾞｼ
11240,埼玉県,幸手市,ｻｲﾀﾏｹﾝ,ｻｯﾃｼ
11241,埼玉県,鶴ヶ島市,ｻｲﾀﾏｹﾝ,ﾂﾙｶﾞｼﾏｼ
11242,埼玉県,日高市,ｻｲﾀﾏｹﾝ,ﾋﾀﾞｶｼ
11243,埼玉県,吉川市,ｻｲﾀﾏｹﾝ,ﾖｼｶﾜｼ
11245,埼玉県,ふじみ野市,ｻｲﾀﾏｹﾝ,ﾌｼﾞﾐﾉｼ
11246,埼玉県,白岡市,ｻｲﾀﾏｹﾝ,ｼﾗｵｶｼ
11301,埼玉県,伊奈町,ｻｲﾀﾏｹﾝ,ｲﾅﾏﾁ
11324,埼玉県,三芳町,ｻｲﾀﾏｹﾝ,ﾐﾖｼﾏﾁ
11326,埼玉県,毛呂山町,ｻｲﾀﾏｹﾝ,ﾓﾛﾔﾏﾏﾁ
11327,埼玉県,越生町,ｻｲﾀﾏｹﾝ,ｵｺﾞｾﾏﾁ
11341,埼玉県,滑川町,ｻｲﾀﾏｹﾝ,ﾅﾒｶﾞﾜﾏﾁ
11342,埼玉県,嵐山町,ｻｲﾀﾏｹﾝ,ﾗﾝｻﾞﾝﾏﾁ
11343,埼玉県,小川町,ｻｲﾀﾏｹﾝ,ｵｶﾞﾜﾏﾁ
11346,埼玉県,川島町,ｻｲﾀﾏｹﾝ,ｶﾜｼﾞﾏﾏﾁ
11347,埼玉県,吉見町,ｻｲﾀﾏｹﾝ,ﾖｼﾐﾏﾁ
11348,埼玉県,鳩山町,ｻｲﾀﾏｹﾝ,ﾊﾄﾔﾏﾏﾁ
11349,埼玉県,ときがわ町,ｻｲﾀﾏｹﾝ,ﾄｷｶﾞﾜﾏﾁ
11361,埼玉県,横瀬町,ｻｲﾀﾏｹﾝ,ﾖｺｾﾞﾏﾁ
11362,埼玉県,皆野町,ｻｲﾀﾏｹﾝ,ﾐﾅﾉﾏﾁ
11363,埼玉県,長瀞町,ｻｲﾀﾏｹﾝ,ﾅｶﾞﾄﾛﾏﾁ
11365,埼玉県,小鹿野町,ｻｲﾀﾏｹﾝ,ｵｶﾞﾉﾏﾁ
11369,埼玉県,東秩父村,ｻｲﾀﾏｹﾝ,ﾋｶﾞｼﾁﾁﾌﾞﾑﾗ
11381,埼玉県,美里町,ｻｲﾀﾏｹﾝ,ﾐｻﾄﾏﾁ
11383,埼玉県,神川町,ｻｲﾀﾏｹﾝ,ｶﾐｶﾜﾏﾁ
11385,埼玉県,上里町,ｻｲﾀﾏｹﾝ,ｶﾐｻﾄﾏﾁ
11408,埼玉県,寄居町,ｻｲﾀﾏｹﾝ,ﾖﾘｲﾏﾁ
11442,埼玉県,宮代町,ｻｲﾀﾏｹﾝ,ﾐﾔｼﾛﾏﾁ
11464,埼玉県,杉戸町,ｻｲﾀﾏｹﾝ,ｽｷﾞﾄﾏﾁ
11465,埼玉県,松伏町,ｻｲﾀﾏｹﾝ,ﾏﾂﾌﾞｼﾏﾁ
12000,千葉県,,ﾁﾊﾞｹﾝ,
12100,千葉県,千葉市,ﾁﾊﾞｹﾝ,ﾁﾊﾞｼ
12202,千葉県,銚子市,ﾁﾊﾞｹﾝ,ﾁｮｳｼｼ
12203,千葉県,市川市,ﾁﾊﾞｹﾝ,ｲﾁｶﾜｼ
12204,千葉県,船橋市,ﾁﾊﾞｹﾝ,ﾌﾅﾊﾞｼｼ
12205,千葉県,館山市,ﾁﾊﾞｹﾝ,ﾀﾃﾔﾏｼ
12206,千葉県,木更津市,ﾁﾊﾞｹﾝ,ｷｻﾗﾂﾞｼ
12207,千葉県,松戸市,ﾁﾊﾞｹﾝ,ﾏﾂﾄﾞｼ
12208,千葉県,野田市,ﾁﾊﾞｹﾝ,ﾉﾀﾞｼ
12210,千葉県,茂原市,ﾁﾊﾞｹﾝ,ﾓﾊﾞﾗｼ
12211,千葉県,成田市,ﾁﾊﾞｹﾝ,ﾅﾘﾀｼ
12212,千葉県,佐倉市,ﾁﾊﾞｹﾝ,ｻｸﾗｼ
12213,千葉県,東金市,ﾁﾊﾞｹﾝ,ﾄｳｶﾞﾈｼ
12215,千葉県,旭市,ﾁﾊﾞｹﾝ,ｱｻﾋｼ
12216,千葉県,習志野市,ﾁﾊﾞｹﾝ,ﾅﾗｼﾉｼ
12217,千葉県,柏市,ﾁﾊﾞｹﾝ,ｶｼﾜｼ
12218,千葉県,勝浦市,ﾁﾊﾞｹﾝ,ｶﾂｳﾗｼ
12219,千葉県,市原市,ﾁﾊﾞｹﾝ,ｲﾁﾊﾗｼ
12220,千葉県,流山市,ﾁﾊﾞｹﾝ,ﾅｶﾞﾚﾔﾏｼ
12221,千葉県,八千代市,ﾁﾊﾞｹﾝ,ﾔﾁﾖｼ
12222,千葉県,我孫子市,ﾁﾊﾞｹﾝ,ｱﾋﾞｺｼ
12223,千葉県,鴨川市,ﾁﾊﾞｹﾝ,ｶﾓｶﾞﾜｼ
12224,千葉県,鎌ケ谷市,ﾁﾊﾞｹﾝ,ｶﾏｶﾞﾔｼ
12225,千葉県,君津市,ﾁﾊﾞｹﾝ,ｷﾐﾂｼ
12226,千葉県,富津市,ﾁﾊﾞｹﾝ,ﾌｯﾂｼ
12227,千葉県,浦安市,ﾁﾊﾞｹﾝ,ｳﾗﾔｽｼ
12228,千葉県,四街道市,ﾁﾊﾞｹﾝ,ﾖﾂｶｲﾄﾞｳｼ
12229,千葉県,袖ケ浦市,ﾁﾊﾞｹﾝ,ｿﾃﾞｶﾞｳﾗｼ
12230,千葉県,八街市,ﾁﾊﾞｹﾝ,ﾔﾁﾏﾀｼ
12231,千葉県,印西市,ﾁﾊﾞｹﾝ,ｲﾝｻﾞｲｼ
12232,千葉県,白井市,ﾁﾊﾞｹﾝ,ｼﾛｲｼ
12233,千葉県,富里市,ﾁﾊﾞｹﾝ,ﾄﾐｻﾄｼ
12234,千葉県,南房総市,ﾁﾊﾞｹﾝ,ﾐﾅﾐﾎﾞｳｿｳｼ
12235,千葉県,匝瑳市,ﾁﾊﾞｹﾝ,ｿｳｻｼ
12236,千葉県,香取市,ﾁﾊﾞｹﾝ,ｶﾄﾘｼ
12237,千葉県,山武市,ﾁﾊﾞｹﾝ,ｻﾝﾑｼ
12238,千葉県,いすみ市,ﾁﾊﾞｹﾝ,ｲｽﾐｼ
12239,千葉県,大網白里市,ﾁﾊﾞｹﾝ,ｵｵｱﾐｼﾗｻﾄｼ
12322,千葉県,酒々井町,ﾁﾊﾞｹﾝ,ｼｽｲﾏﾁ
12329,千葉県,栄町,ﾁﾊﾞｹﾝ,ｻｶｴﾏﾁ
12342,千葉県,神崎町,ﾁﾊﾞｹﾝ,ｺｳｻﾞｷﾏﾁ
12347,千葉県,多古町,ﾁﾊﾞｹﾝ,ﾀｺﾏﾁ
12349,千葉県,東庄町,ﾁﾊﾞｹﾝ,ﾄｳﾉｼｮｳﾏﾁ
12403,千葉県,九十九里町,ﾁﾊﾞｹﾝ,ｸｼﾞﾕｳｸﾘﾏﾁ
12409,千葉県,芝山町,ﾁﾊﾞｹﾝ,ｼﾊﾞﾔﾏﾏﾁ
12410,千葉県,横芝光町,ﾁﾊﾞｹﾝ,ﾖｺｼﾊﾞﾋｶﾘﾏﾁ
12421,千葉県,一宮町,ﾁﾊﾞｹﾝ,ｲﾁﾉﾐﾔﾏﾁ
12422,千葉県,睦沢町,ﾁﾊﾞｹﾝ,ﾑﾂｻﾞﾜﾏﾁ
12423,千葉県,長生村,ﾁﾊﾞｹﾝ,ﾁｮｳｾｲﾑﾗ
12424,千葉県,白子町,ﾁﾊﾞｹﾝ,ｼﾗｺﾏﾁ
12426,千葉県,長柄町,ﾁﾊﾞｹﾝ,ﾅｶﾞﾗﾏﾁ
12427,千葉県,長南町,ﾁﾊﾞｹﾝ,ﾁｮｳﾅﾝﾏﾁ
12441,千葉県,大多喜町,ﾁﾊﾞｹﾝ,ｵｵﾀｷﾏﾁ
12443,千葉県,御宿町,ﾁﾊﾞｹﾝ,ｵﾝｼﾞﾕｸﾏﾁ
12463,千葉県,鋸南町,ﾁﾊﾞｹﾝ,ｷﾖﾅﾝﾏﾁ
13000,東京都,,ﾄｳｷｮｳﾄ,
13101,東京都,千代田区,ﾄｳｷｮｳﾄ,ﾁﾖﾀﾞｸ
13102,東京都,中央区,ﾄｳｷｮｳﾄ,ﾁｭｳｵｳｸ
13103,東京都,港区,ﾄｳｷｮｳﾄ,ﾐﾅﾄｸ
13104,東京都,新宿区,ﾄｳｷｮｳﾄ,ｼﾝｼﾞｭｸｸ
13105,東京都,文京区,ﾄｳｷｮｳﾄ,ﾌﾞﾝｷｮｳｸ
13106,東京都,台東区,ﾄｳｷｮｳﾄ,ﾀｲﾄｳｸ
13107,東京都,墨田区,ﾄｳｷｮｳﾄ,ｽﾐﾀﾞｸ
13108,東京都,江東区,ﾄｳｷｮｳﾄ,ｺｳﾄｳｸ
13109,東京都,品川区,ﾄｳｷｮｳﾄ,ｼﾅｶﾞﾜｸ
13110,東京都,目黒区,ﾄｳｷｮｳﾄ,ﾒｸﾞﾛｸ
13111,東京都,大田区,ﾄｳｷｮｳﾄ,ｵｵﾀｸ
13112,東京都,世田谷区,ﾄｳｷｮｳﾄ,ｾﾀｶﾞﾔｸ
13113,東京都,渋谷区,ﾄｳｷｮｳﾄ,ｼﾌﾞﾔｸ
13114,東京都,中野区,ﾄｳｷｮｳﾄ,ﾅｶﾉｸ
13115,東京都,杉並区,ﾄｳｷｮｳﾄ,ｽｷﾞﾅﾐｸ
13116,東京都,豊島区,ﾄｳｷｮｳﾄ,ﾄｼﾏｸ
13117,東京都,北区,ﾄｳｷｮｳﾄ,ｷﾀｸ
13118,東京都,荒川区,ﾄｳｷｮｳﾄ,ｱﾗｶﾜｸ
13119,東京都,板橋区,ﾄｳｷｮｳﾄ,ｲﾀﾊﾞｼｸ
13120,東京都,練馬区,ﾄｳｷｮｳﾄ,ﾈﾘﾏｸ
13121,東京都,足立区,ﾄｳｷｮｳﾄ,ｱﾀﾞﾁｸ
13122,東京都,葛飾区,ﾄｳｷｮｳﾄ,ｶﾂｼｶｸ
13123,東京都,江戸川区,ﾄｳｷｮｳﾄ,ｴﾄﾞｶﾞﾜｸ
13201,東京都,八王子市,ﾄｳｷｮｳﾄ,ﾊﾁｵｳｼﾞｼ
13202,東京都,立川市,ﾄｳｷｮｳﾄ,ﾀﾁｶﾜｼ
13203,東京都,武蔵野市,ﾄｳｷｮｳﾄ,ﾑｻｼﾉｼ
13204,東京都,三鷹市,ﾄｳｷｮｳﾄ,ﾐﾀｶｼ
13205,東京都,青梅市,ﾄｳｷｮｳﾄ,ｵｳﾒｼ
13206,東京都,府中市,ﾄｳｷｮｳﾄ,ﾌﾁｭｳｼ
13207,東京都,昭島市,ﾄｳｷｮｳﾄ,ｱｷｼﾏｼ
13208,東京都,調布市,ﾄｳｷｮｳﾄ,ﾁｮｳﾌｼ
13209,東京都,町田市,ﾄｳｷｮｳﾄ,ﾏﾁﾀﾞｼ
13210,東京都,小金井市,ﾄｳｷｮｳﾄ,ｺｶﾞﾈｲｼ
13211,東京都,小平市,ﾄｳｷｮｳﾄ,ｺﾀﾞｲﾗｼ
13212,東京都,日野市,ﾄｳｷｮｳﾄ,ﾋﾉｼ
13213,東京都,東村山市,ﾄｳｷｮｳﾄ,ﾋｶﾞｼﾑﾗﾔﾏｼ
13214,東京都,国分寺市,ﾄｳｷｮｳﾄ,ｺｸﾌﾞﾝｼﾞｼ
13215,東京都,国立市,ﾄｳｷｮｳﾄ,ｸﾆﾀﾁｼ
13218,東京都,福生市,ﾄｳｷｮｳﾄ,ﾌｯｻｼ
13219,東京都,狛江市,ﾄｳｷｮｳﾄ,ｺﾏｴｼ
13220,東京都,東大和市,ﾄｳｷｮｳﾄ,ﾋｶﾞｼﾔﾏﾄｼ
13221,東京都,清瀬市,ﾄｳｷｮｳﾄ,ｷﾖｾｼ
13222,東京都,東久留米市,ﾄｳｷｮｳﾄ,ﾋｶﾞｼｸﾙﾒｼ
13223,東京都,武蔵村山市,ﾄｳｷｮｳﾄ,ﾑｻｼﾑﾗﾔﾏｼ
13224,東京都,多摩市,ﾄｳｷｮｳﾄ,ﾀﾏｼ
13225,東京都,稲城市,ﾄｳｷｮｳﾄ,ｲﾅｷﾞｼ
13227,東京都,羽村市,ﾄｳｷｮｳﾄ,ﾊﾑﾗｼ
13228,東京都,あきる野市,ﾄｳｷｮｳﾄ,ｱｷﾙﾉｼ
13229,東京都,西東京市,ﾄｳｷｮｳﾄ,ﾆｼﾄｳｷｮｳｼ
13303,東京都,瑞穂町,ﾄｳｷｮｳﾄ,ﾐｽﾞﾎﾏﾁ
13305,東京都,日の出町,ﾄｳｷｮｳﾄ,ﾋﾉﾃﾞﾏﾁ
13307,東京都,檜原村,ﾄｳｷｮｳﾄ,ﾋﾉﾊﾗﾑﾗ
13308,東京都,奥多摩町,ﾄｳｷｮｳﾄ,ｵｸﾀﾏﾏﾁ
13361,東京都,大島町,ﾄｳｷｮｳﾄ,ｵｵｼﾏﾏﾁ
13362,東京都,利島村,ﾄｳｷｮｳﾄ,ﾄｼﾏﾑﾗ
13363,東京都,新島村,ﾄｳｷｮｳﾄ,ﾆｲｼﾞﾏﾑﾗ
13364,東京都,神津島村,ﾄｳｷｮｳﾄ,ｺｳﾂﾞｼﾏﾑﾗ
13381,東京都,三宅村,ﾄｳｷｮｳﾄ,ﾐﾔｹﾑﾗ
13382,東京都,御蔵島村,ﾄｳｷｮｳﾄ,ﾐｸﾗｼﾞﾏﾑﾗ
13401,東京都,八丈町,ﾄｳｷｮｳﾄ,ﾊﾁｼﾞｮｳﾏﾁ
13402,東京都,青ヶ島村,ﾄｳｷｮｳﾄ,ｱｵｶﾞｼﾏﾑﾗ
13421,東京都,小笠原村,ﾄｳｷｮｳﾄ,ｵｶﾞｻﾜﾗﾑﾗ
14000,神奈川県,,ｶﾅｶﾞﾜｹﾝ,
14100,神奈川県,横浜市,ｶﾅｶﾞﾜｹﾝ,ﾖｺﾊﾏｼ
14130,神奈川県,川崎市,ｶﾅｶﾞﾜｹﾝ,ｶﾜｻｷｼ
14150,神奈川県,相模原市,ｶﾅｶﾞﾜｹﾝ,ｻｶﾞﾐﾊﾗｼ
14201,神奈川県,横須賀市,ｶﾅｶﾞﾜｹﾝ,ﾖｺｽｶｼ
14203,神奈川県,平塚市,ｶﾅｶﾞﾜｹﾝ,ﾋﾗﾂｶｼ
14204,神奈川県,鎌倉市,ｶﾅｶﾞﾜｹﾝ,ｶﾏｸﾗｼ
14205,神奈川県,藤沢市,ｶﾅｶﾞﾜｹﾝ,ﾌｼﾞｻﾜｼ
14206,神奈川県,小田原市,ｶﾅｶﾞﾜｹﾝ,ｵﾀﾞﾜﾗｼ
14207,神奈川県,茅ヶ崎市,ｶﾅｶﾞﾜｹﾝ,ﾁｶﾞｻｷｼ
14208,神奈川県,逗子市,ｶﾅｶﾞﾜｹﾝ,ｽﾞｼｼ
14210,神奈川県,三浦市,ｶﾅｶﾞﾜｹﾝ,ﾐｳﾗｼ
14211,神奈川県,秦野市,ｶﾅｶﾞﾜｹﾝ,ﾊﾀﾞﾉｼ
14212,神奈川県,厚木市,ｶﾅｶﾞﾜｹﾝ,ｱﾂｷﾞｼ
14213,神奈川県,大和市,ｶﾅｶﾞﾜｹﾝ,ﾔﾏﾄｼ
14214,神奈川県,伊勢原市,ｶﾅｶﾞﾜｹﾝ,ｲｾﾊﾗｼ
14215,神奈川県,海老名市,ｶﾅｶﾞﾜｹﾝ,ｴﾋﾞﾅｼ
14216,神奈川県,座間市,ｶﾅｶﾞﾜｹﾝ,ｻﾞﾏｼ
14217,神奈川県,南足柄市,ｶﾅｶﾞﾜｹﾝ,ﾐﾅﾐｱｼｶﾞﾗｼ
14218,神奈川県,綾瀬市,ｶﾅｶﾞﾜｹﾝ,ｱﾔｾｼ
14301,神奈川県,葉山町,ｶﾅｶﾞﾜｹﾝ,ﾊﾔﾏﾏﾁ
14321,神奈川県,寒川町,ｶﾅｶﾞﾜｹﾝ,ｻﾑｶﾜﾏﾁ
14341,神奈川県,大磯町,ｶﾅｶﾞﾜｹﾝ,ｵｵｲｿﾏﾁ
14342,神奈川県,二宮町,ｶﾅｶﾞﾜｹﾝ,ﾆﾉﾐﾔﾏﾁ
14361,神奈川県,中井町,ｶﾅｶﾞﾜｹﾝ,ﾅｶｲﾏﾁ
14362,神奈川県,大井町,ｶﾅｶﾞﾜｹﾝ,ｵｵｲﾏﾁ
14363,神奈川県,松田町,ｶﾅｶﾞﾜｹﾝ,ﾏﾂﾀﾞﾏﾁ
14364,神奈川県,山北町,ｶﾅｶﾞﾜｹﾝ,ﾔﾏｷﾀﾏﾁ
14366,神奈川県,開成町,ｶﾅｶﾞﾜｹﾝ,ｶｲｾｲﾏﾁ
14382,神奈川県,箱根町,ｶﾅｶﾞﾜｹﾝ,ﾊｺﾈﾏﾁ
14383,神奈川県,真鶴町,ｶﾅｶﾞﾜｹﾝ,ﾏﾅﾂﾙﾏﾁ
14384,神奈川県,湯河原町,ｶﾅｶﾞﾜｹﾝ,ﾕｶﾞﾜﾗﾏﾁ
14401,神奈川県,愛川町,ｶﾅｶﾞﾜｹﾝ,ｱｲｶﾜﾏﾁ
14402,神奈川県,清川村,ｶﾅｶﾞﾜｹﾝ,ｷﾖｶﾜﾑﾗ
15000,新潟県,,ﾆｲｶﾞﾀｹﾝ,
15100,新潟県,新潟市,ﾆｲｶﾞﾀｹﾝ,ﾆｲｶﾞﾀｼ
15202,新潟県,長岡市,ﾆｲｶﾞﾀｹﾝ,ﾅｶﾞｵｶｼ
15204,新潟県,三条市,ﾆｲｶﾞﾀｹﾝ,ｻﾝｼﾞｮｳｼ
15205,新潟県,柏崎市,ﾆｲｶﾞﾀｹﾝ,ｶｼﾜｻﾞｷｼ
15206,新潟県,新発田市,ﾆｲｶﾞﾀｹﾝ,ｼﾊﾞﾀｼ
15208,新潟県,小千谷市,ﾆｲｶﾞﾀｹﾝ,ｵﾁﾞﾔｼ
15209,新潟県,加茂市,ﾆｲｶﾞﾀｹﾝ,ｶﾓｼ
15210,新潟県,十日町市,ﾆｲｶﾞﾀｹﾝ,ﾄｵｶﾏﾁｼ
15211,新潟県,見附市,ﾆｲｶﾞﾀｹﾝ,ﾐﾂｹｼ
15212,新潟県,村上市,ﾆｲｶﾞﾀｹﾝ,ﾑﾗｶﾐｼ
15213,新潟県,燕市,ﾆｲｶﾞﾀｹﾝ,ﾂﾊﾞﾒｼ
15216,新潟県,糸魚川市,ﾆｲｶﾞﾀｹﾝ,ｲﾄｲｶﾞﾜｼ
15217,新潟県,妙高市,ﾆｲｶﾞﾀｹﾝ,ﾐｮｳｺｳｼ
15218,新潟県,五泉市,ﾆｲｶﾞﾀｹﾝ,ｺﾞｾﾝｼ
15222,新潟県,上越市,ﾆｲｶﾞﾀｹﾝ,ｼﾞｮｳｴﾂｼ
15223,新潟県,阿賀野市,ﾆｲｶﾞﾀｹﾝ,ｱｶﾞﾉｼ
15224,新潟県,佐渡市,ﾆｲｶﾞﾀｹﾝ,ｻﾄﾞｼ
15225,新潟県,魚沼市,ﾆｲｶﾞﾀｹﾝ,ｳｵﾇﾏｼ
15226,新潟県,南魚沼市,ﾆｲｶﾞﾀｹﾝ,ﾐﾅﾐｳｵﾇﾏｼ
15227,新潟県,胎内市,ﾆｲｶﾞﾀｹﾝ,ﾀｲﾅｲｼ
15307,新潟県,聖籠町,ﾆｲｶﾞﾀｹﾝ,ｾｲﾛｳﾏﾁ
15342,新潟県,弥彦村,ﾆｲｶﾞﾀｹﾝ,ﾔﾋｺﾑﾗ
15361,新潟県,田上町,ﾆｲｶﾞﾀｹﾝ,ﾀｶﾞﾐﾏﾁ
15385,新潟県,阿賀町,ﾆｲｶﾞﾀｹﾝ,ｱｶﾞﾏﾁ
15405,新潟県,出雲崎町,ﾆｲｶﾞﾀｹﾝ,ｲｽﾞﾓｻﾞｷﾏﾁ
15461,新潟県,湯沢町,ﾆｲｶﾞﾀｹﾝ,ﾕｻﾞﾜﾏﾁ
15482,新潟県,津南町,ﾆｲｶﾞﾀｹﾝ,ﾂﾅﾝﾏﾁ
15504,新潟県,刈羽村,ﾆｲｶﾞﾀｹﾝ,ｶﾘﾜﾑﾗ
15581,新潟県,関川村,ﾆｲｶﾞﾀｹﾝ,ｾｷｶﾜﾑﾗ
15586,新潟県,粟島浦村,ﾆｲｶﾞﾀｹﾝ,ｱﾜｼﾏｳﾗﾑﾗ
16000,富山県,,ﾄﾔﾏｹﾝ,
16201,富山県,富山市,ﾄﾔﾏｹﾝ,ﾄﾔﾏｼ
16202,富山県,高岡市,ﾄﾔﾏｹﾝ,ﾀｶｵｶｼ
16204,富山県,魚津市,ﾄﾔﾏｹﾝ,ｳｵﾂﾞｼ
16205,富山県,氷見市,ﾄﾔﾏｹﾝ,ﾋﾐｼ
16206,富山県,滑川市,ﾄﾔﾏｹﾝ,ﾅﾒﾘｶﾜｼ
16207,富山県,黒部市,ﾄﾔﾏｹﾝ,ｸﾛﾍﾞｼ
16208,富山県,砺波市,ﾄﾔﾏｹﾝ,ﾄﾅﾐｼ
16209,富山県,小矢部市,ﾄﾔﾏｹﾝ,ｵﾔﾍﾞｼ
16210,富山県,南砺市,ﾄﾔﾏｹﾝ,ﾅﾝﾄｼ
16211,富山県,射水市,ﾄﾔﾏｹﾝ,ｲﾐｽﾞｼ
16321,富山県,舟橋村,ﾄﾔﾏｹﾝ,ﾌﾅﾊｼﾑﾗ
16322,富山県,上市町,ﾄﾔﾏｹﾝ,ｶﾐｲﾁﾏﾁ
16323,富山県,立山町,ﾄﾔﾏｹﾝ,ﾀﾃﾔﾏﾏﾁ
16342,富山県,入善町,ﾄﾔﾏｹﾝ,ﾆｭｳｾﾞﾝﾏﾁ
16343,富山県,朝日町,ﾄﾔﾏｹﾝ,ｱｻﾋﾏﾁ
17000,石川県,,ｲｼｶﾜｹﾝ,
17201,石川県,金沢市,ｲｼｶﾜｹﾝ,ｶﾅｻﾞﾜｼ
17202,石川県,七尾市,ｲｼｶﾜｹﾝ,ﾅﾅｵｼ
17203,石川県,小松市,ｲｼｶﾜｹﾝ,ｺﾏﾂｼ
17204,石川県,輪島市,ｲｼｶﾜｹﾝ,ﾜｼﾞﾏｼ
17205,石川県,珠洲市,ｲｼｶﾜｹﾝ,ｽｽﾞｼ
17206,石川県,加賀市,ｲｼｶﾜｹﾝ,ｶｶﾞｼ
17207,石川県,羽咋市,ｲｼｶﾜｹﾝ,ﾊｸｲｼ
17209,石川県,かほく市,ｲｼｶﾜｹﾝ,ｶﾎｸｼ
17210,石川県,白山市,ｲｼｶﾜｹﾝ,ﾊｸｻﾝｼ
17211,石川県,能美市,ｲｼｶﾜｹﾝ,ﾉﾐｼ
17212,石川県,野々市市,ｲｼｶﾜｹﾝ,ﾉﾉｲﾁｼ
17324,石川県,川北町,ｲｼｶﾜｹﾝ,ｶﾜｷﾀﾏﾁ
17361,石川県,津幡町,ｲｼｶﾜｹﾝ,ﾂﾊﾞﾀﾏﾁ
17365,石川県,内灘町,ｲｼｶﾜｹﾝ,ｳﾁﾅﾀﾞﾏﾁ
17384,石川県,志賀町,ｲｼｶﾜｹﾝ,ｼｶﾏﾁ
17386,石川県,宝達志水町,ｲｼｶﾜｹﾝ,ﾎｳﾀﾞﾂｼﾐｽﾞﾁｮｳ
17407,石川県,中能登町,ｲｼｶﾜｹﾝ,ﾅｶﾉﾄﾏﾁ
17461,石川県,穴水町,ｲｼｶﾜｹﾝ,ｱﾅﾐｽﾞﾏﾁ
17463,石川県,能登町,ｲｼｶﾜｹﾝ,ﾉﾄﾁｮｳ
18000,福井県,,ﾌｸｲｹﾝ,
18201,福井県,福井市,ﾌｸｲｹﾝ,ﾌｸｲｼ
18202,福井県,敦賀市,ﾌｸｲｹﾝ,ﾂﾙｶﾞｼ
18204,福井県,小浜市,ﾌｸｲｹﾝ,ｵﾊﾞﾏｼ
18205,福井県,大野市,ﾌｸｲｹﾝ,ｵｵﾉｼ
18206,福井県,勝山市,ﾌｸｲｹﾝ,ｶﾂﾔﾏｼ
18207,福井県,鯖江市,ﾌｸｲｹﾝ,ｻﾊﾞｴｼ
18208,福井県,あわら市,ﾌｸｲｹﾝ,ｱﾜﾗｼ
18209,福井県,越前市,ﾌｸｲｹﾝ,ｴﾁｾﾞﾝｼ
18210,福井県,坂井市,ﾌｸｲｹﾝ,ｻｶｲｼ
18322,福井県,永平寺町,ﾌｸｲｹﾝ,ｴｲﾍｲｼﾞﾁｮｳ
18382,福井県,池田町,ﾌｸｲｹﾝ,ｲｹﾀﾞﾁｮｳ
18404,福井県,南越前町,ﾌｸｲｹﾝ,ﾐﾅﾐｴﾁｾﾞﾝﾁｮｳ
18423,福井県,越前町,ﾌｸｲｹﾝ,ｴﾁｾﾞﾝﾁｮｳ
18442,福井県,美浜町,ﾌｸｲｹﾝ,ﾐﾊﾏﾁｮｳ
18481,福井県,高浜町,ﾌｸｲｹﾝ,ﾀｶﾊﾏﾁｮｳ
18483,福井県,おおい町,ﾌｸｲｹﾝ,ｵｵｲﾁｮｳ
18501,福井県,若狭町,ﾌｸｲｹﾝ,ﾜｶｻﾁｮｳ
19000,山梨県,,ﾔﾏﾅｼｹﾝ,
19201,山梨県,甲府市,ﾔﾏﾅｼｹﾝ,ｺｳﾌｼ
19202,山梨県,富士吉田市,ﾔﾏﾅｼｹﾝ,ﾌｼﾞﾖｼﾀﾞｼ
19204,山梨県,都留市,ﾔﾏﾅｼｹﾝ,ﾂﾙｼ
19205,山梨県,山梨市,ﾔﾏﾅｼｹﾝ,ﾔﾏﾅｼｼ
19206,山梨県,大月市,ﾔﾏﾅｼｹﾝ,ｵｵﾂｷｼ
19207,山梨県,韮崎市,ﾔﾏﾅｼｹﾝ,ﾆﾗｻｷｼ
19208,山梨県,南アルプス市,ﾔﾏﾅｼｹﾝ,ﾐﾅﾐｱﾙﾌﾟｽｼ
19209,山梨県,北杜市,ﾔﾏﾅｼｹﾝ,ﾎｸﾄｼ
19210,山梨県,甲斐市,ﾔﾏﾅｼｹﾝ,ｶｲｼ
19211,山梨県,笛吹市,ﾔﾏﾅｼｹﾝ,ﾌｴﾌｷｼ
19212,山梨県,上野原市,ﾔﾏﾅｼｹﾝ,ｳｴﾉﾊﾗｼ
19213,山梨県,甲州市,ﾔﾏﾅｼｹﾝ,ｺｳｼｭｳｼ
19214,山梨県,中央市,ﾔﾏﾅｼｹﾝ,ﾁｭｳｵｳｼ
19346,山梨県,市川三郷町,ﾔﾏﾅｼｹﾝ,ｲﾁｶﾜﾐｻﾄﾁｮｳ
19364,山梨県,早川町,ﾔﾏﾅｼｹﾝ,ﾊﾔｶﾜﾁｮｳ
19365,山梨県,身延町,ﾔﾏﾅｼｹﾝ,ﾐﾉﾌﾞﾁｮｳ
19366,山梨県,南部町,ﾔﾏﾅｼｹﾝ,ﾅﾝﾌﾞﾁｮｳ
19368,山梨県,富士川町,ﾔﾏﾅｼｹﾝ,ﾌｼﾞｶﾜﾁｮｳ
19384,山梨県,昭和町,ﾔﾏﾅｼｹﾝ,ｼｮｳﾜﾁｮｳ
19422,山梨県,道志村,ﾔﾏﾅｼｹﾝ,ﾄﾞｳｼﾑﾗ
19423,山梨県,西桂町,ﾔﾏﾅｼｹﾝ,ﾆｼｶﾂﾗﾁｮｳ
19424,山梨県,忍野村,ﾔﾏﾅｼｹﾝ,ｵｼﾉﾑﾗ
19425,山梨県,山中湖村,ﾔﾏﾅｼｹﾝ,ﾔﾏﾅｶｺﾑﾗ
19429,山梨県,鳴沢村,ﾔﾏﾅｼｹﾝ,ﾅﾙｻﾜﾑﾗ
19430,山梨県,富士河口湖町,ﾔﾏﾅｼｹﾝ,ﾌｼﾞｶﾜｸﾞﾁｺﾏﾁ
19442,山梨県,小菅村,ﾔﾏﾅｼｹﾝ,ｺｽｹﾞﾑﾗ
19443,山梨県,丹波山村,ﾔﾏﾅｼｹﾝ,ﾀﾊﾞﾔﾏﾑﾗ
20000,長野県,,ﾅｶﾞﾉｹﾝ,
20201,長野県,長野市,ﾅｶﾞﾉｹﾝ,ﾅｶﾞﾉｼ
20202,長野県,松本市,ﾅｶﾞﾉｹﾝ,ﾏﾂﾓﾄｼ
20203,長野県,上田市,ﾅｶﾞﾉｹﾝ,ｳｴﾀﾞｼ
20204,長野県,岡谷市,ﾅｶﾞﾉｹﾝ,ｵｶﾔｼ
20205,長野県,飯田市,ﾅｶﾞﾉｹﾝ,ｲｲﾀﾞｼ
20206,長野県,諏訪市,ﾅｶﾞﾉｹﾝ,ｽﾜｼ
20207,長野県,須坂市,ﾅｶﾞﾉｹﾝ,ｽｻﾞｶｼ
20208,長野県,小諸市,ﾅｶﾞﾉｹﾝ,ｺﾓﾛｼ
20209,長野県,伊那市,ﾅｶﾞﾉｹﾝ,ｲﾅｼ
20210,長野県,駒ヶ根市,ﾅｶﾞﾉｹﾝ,ｺﾏｶﾞﾈｼ
20211,長野県,中野市,ﾅｶﾞﾉｹﾝ,ﾅｶﾉｼ
20212,長野県,大町市,ﾅｶﾞﾉｹﾝ,ｵｵﾏﾁｼ
20213,長野県,飯山市,ﾅｶﾞﾉｹﾝ,ｲｲﾔﾏｼ
20214,長野県,茅野市,ﾅｶﾞﾉｹﾝ,ﾁﾉｼ
20215,長野県,塩尻市,ﾅｶﾞﾉｹﾝ,ｼｵｼﾞﾘｼ
20217,長野県,佐久市,ﾅｶﾞﾉｹﾝ,ｻｸｼ
20218,長野県,千曲市,ﾅｶﾞﾉｹﾝ,ﾁｸﾏｼ
20219,長野県,東御市,ﾅｶﾞﾉｹﾝ,ﾄｳﾐｼ
20220,長野県,安曇野市,ﾅｶﾞﾉｹﾝ,ｱﾂﾞﾐﾉｼ
20303,長野県,小海町,ﾅｶﾞﾉｹﾝ,ｺｳﾐﾏﾁ
20304,長野県,川上村,ﾅｶﾞﾉｹﾝ,ｶﾜｶﾐﾑﾗ
20305,長野県,南牧村,ﾅｶﾞﾉｹﾝ,ﾐﾅﾐﾏｷﾑﾗ
20306,長野県,南相木村,ﾅｶﾞﾉｹﾝ,ﾐﾅﾐｱｲｷﾑﾗ
20307,長野県,北相木村,ﾅｶﾞﾉｹﾝ,ｷﾀｱｲｷﾑﾗ
20309,長野県,佐久穂町,ﾅｶﾞﾉｹﾝ,ｻｸﾎﾏﾁ
20321,長野県,軽井沢町,ﾅｶﾞﾉｹﾝ,ｶﾙｲｻﾞﾜﾏﾁ
20323,長野県,御代田町,ﾅｶﾞﾉｹﾝ,ﾐﾖﾀﾏﾁ
20324,長野県,立科町,ﾅｶﾞﾉｹﾝ,ﾀﾃｼﾅﾏﾁ
20349,長野県,青木村,ﾅｶﾞﾉｹﾝ,ｱｵｷﾑﾗ
20350,長野県,長和町,ﾅｶﾞﾉｹﾝ,ﾅｶﾞﾜﾏﾁ
20361,長野県,下諏訪町,ﾅｶﾞﾉｹﾝ,ｼﾓｽﾜﾏﾁ
20362,長野県,富士見町,ﾅｶﾞﾉｹﾝ,ﾌｼﾞﾐﾏﾁ
20363,長野県,原村,ﾅｶﾞﾉｹﾝ,ﾊﾗﾑﾗ
20382,長野県,辰野町,ﾅｶﾞﾉｹﾝ,ﾀﾂﾉﾏﾁ
20383,長野県,箕輪町,ﾅｶﾞﾉｹﾝ,ﾐﾉﾜﾏﾁ
20384,長野県,飯島町,ﾅｶﾞﾉｹﾝ,ｲｲｼﾞﾏﾏﾁ
20385,長野県,南箕輪村,ﾅｶﾞﾉｹﾝ,ﾐﾅﾐﾐﾉﾜﾑﾗ
20386,長野県,中川村,ﾅｶﾞﾉｹﾝ,ﾅｶｶﾞﾜﾑﾗ
20388,長野県,宮田村,ﾅｶﾞﾉｹﾝ,ﾐﾔﾀﾞﾑﾗ
20402,長野県,松川町,ﾅｶﾞﾉｹﾝ,ﾏﾂｶﾜﾏﾁ
20403,長野県,高森町,ﾅｶﾞﾉｹﾝ,ﾀｶﾓﾘﾏﾁ
20404,長野県,阿南町,ﾅｶﾞﾉｹﾝ,ｱﾅﾝﾁｮｳ
20407,長野県,阿智村,ﾅｶﾞﾉｹﾝ,ｱﾁﾑﾗ
20409,長野県,平谷村,ﾅｶﾞﾉｹﾝ,ﾋﾗﾔﾑﾗ
20410,長野県,根羽村,ﾅｶﾞﾉｹﾝ,ﾈﾊﾞﾑﾗ
20411,長野県,下條村,ﾅｶﾞﾉｹﾝ,ｼﾓｼﾞｮｳﾑﾗ
20412,長野県,売木村,ﾅｶﾞﾉｹﾝ,ｳﾙｷﾞﾑﾗ
20413,長野県,天龍村,ﾅｶﾞﾉｹﾝ,ﾃﾝﾘｭｳﾑﾗ
20414,長野県,泰阜村,ﾅｶﾞﾉｹﾝ,ﾔｽｵｶﾑﾗ
20415,長野県,喬木村,ﾅｶﾞﾉｹﾝ,ﾀｶｷﾞﾑﾗ
20416,長野県,豊丘村,ﾅｶﾞﾉｹﾝ,ﾄﾖｵｶﾑﾗ
20417,長野県,大鹿村,ﾅｶﾞﾉｹﾝ,ｵｵｼｶﾑﾗ
20422,長野県,上松町,ﾅｶﾞﾉｹﾝ,ｱｹﾞﾏﾂﾏﾁ
20423,長野県,南木曽町,ﾅｶﾞﾉｹﾝ,ﾅｷﾞｿﾏﾁ
20425,長野県,木祖村,ﾅｶﾞﾉｹﾝ,ｷｿﾑﾗ
20429,長野県,王滝村,ﾅｶﾞﾉｹﾝ,ｵｳﾀｷﾑﾗ
20430,長野県,大桑村,ﾅｶﾞﾉｹﾝ,ｵｵｸﾜﾑﾗ
20432,長野県,木曽町,ﾅｶﾞﾉｹﾝ,ｷｿﾏﾁ
20446,長野県,麻績村,ﾅｶﾞﾉｹﾝ,ｵﾐﾑﾗ
20448,長野県,生坂村,ﾅｶﾞﾉｹﾝ,ｲｸｻｶﾑﾗ
20450,長野県,山形村,ﾅｶﾞﾉｹﾝ,ﾔﾏｶﾞﾀﾑﾗ
20451,長野県,朝日村,ﾅｶﾞﾉｹﾝ,ｱｻﾋﾑﾗ
20452,長野県,筑北村,ﾅｶﾞﾉｹﾝ,ﾁｸﾎｸﾑﾗ
20481,長野県,池田町,ﾅｶﾞﾉｹﾝ,ｲｹﾀﾞﾏﾁ
20482,長野県,松川村,ﾅｶﾞﾉｹﾝ,ﾏﾂｶﾜﾑﾗ
20485,長野県,白馬村,ﾅｶﾞﾉｹﾝ,ﾊｸﾊﾞﾑﾗ
20486,長野県,小谷村,ﾅｶﾞﾉｹﾝ,ｵﾀﾘﾑﾗ
20521,長野県,坂城町,ﾅｶﾞﾉｹﾝ,ｻｶｷﾏﾁ
20541,長野県,小布施町,ﾅｶﾞﾉｹﾝ,ｵﾌﾞｾﾏﾁ
20543,長野県,高山村,ﾅｶﾞﾉｹﾝ,ﾀｶﾔﾏﾑﾗ
20561,長野県,山ノ内町,ﾅｶﾞﾉｹﾝ,ﾔﾏﾉｳﾁﾏﾁ
20562,長野県,木島平村,ﾅｶﾞﾉｹﾝ,ｷｼﾞﾏﾀﾞｲﾗﾑﾗ
20563,長野県,野沢温泉村,ﾅｶﾞﾉｹﾝ,ﾉｻﾞﾜｵﾝｾﾝﾑﾗ
20583,長野県,信濃町,ﾅｶﾞﾉｹﾝ,ｼﾅﾉﾏﾁ
20588,長野県,小川村,ﾅｶﾞﾉｹﾝ,ｵｶﾞﾜﾑﾗ
20590,長野県,飯綱町,ﾅｶﾞﾉｹﾝ,ｲｲﾂﾞﾅﾏﾁ
20602,長野県,栄村,ﾅｶﾞﾉｹﾝ,ｻｶｴﾑﾗ
21000,岐阜県,,ｷﾞﾌｹﾝ,
21201,岐阜県,岐阜市,ｷﾞﾌｹﾝ,ｷﾞﾌｼ
21202,岐阜県,大垣市,ｷﾞﾌｹﾝ,ｵｵｶﾞｷｼ
21203,岐阜県,高山市,ｷﾞﾌｹﾝ,ﾀｶﾔﾏｼ
21204,岐阜県,多治見市,ｷﾞﾌｹﾝ,ﾀｼﾞﾐｼ
21205,岐阜県,関市,ｷﾞﾌｹﾝ,ｾｷｼ
21206,岐阜県,中津川市,ｷﾞﾌｹﾝ,ﾅｶﾂｶﾞﾜｼ
21207,岐阜県,美濃市,ｷﾞﾌｹﾝ,ﾐﾉｼ
21208,岐阜県,瑞浪市,ｷﾞﾌｹﾝ,ﾐｽﾞﾅﾐｼ
21209,岐阜県,羽島市,ｷﾞﾌｹﾝ,ﾊｼﾏｼ
21210,岐阜県,恵那市,ｷﾞﾌｹﾝ,ｴﾅｼ
21211,岐阜県,美濃加茂市,ｷﾞﾌｹﾝ,ﾐﾉｶﾓｼ
21212,岐阜県,土岐市,ｷﾞﾌｹﾝ,ﾄｷｼ
21213,岐阜県,各務原市,ｷﾞﾌｹﾝ,ｶｶﾐｶﾞﾊﾗｼ
21214,岐阜県,可児市,ｷﾞﾌｹﾝ,ｶﾆｼ
21215,岐阜県,山県市,ｷﾞﾌｹﾝ,ﾔﾏｶﾞﾀｼ
21216,岐阜県,瑞穂市,ｷﾞﾌｹﾝ,ﾐｽﾞﾎｼ
21217,岐阜県,飛騨市,ｷﾞﾌｹﾝ,ﾋﾀﾞｼ
21218,岐阜県,本巣市,ｷﾞﾌｹﾝ,ﾓﾄｽｼ
21219,岐阜県,郡上市,ｷﾞﾌｹﾝ,ｸﾞｼﾞｮｳｼ
21220,岐阜県,下呂市,ｷﾞﾌｹﾝ,ｹﾞﾛｼ
21221,岐阜県,海津市,ｷﾞﾌｹﾝ,ｶｲﾂﾞｼ
21302,岐阜県,岐南町,ｷﾞﾌｹﾝ,ｷﾞﾅﾝﾁｮｳ
21303,岐阜県,笠松町,ｷﾞﾌｹﾝ,ｶｻﾏﾂﾁｮｳ
21341,岐阜県,養老町,ｷﾞﾌｹﾝ,ﾖｳﾛｳﾁｮｳ
21361,岐阜県,垂井町,ｷﾞﾌｹﾝ,ﾀﾙｲﾁｮｳ
21362,岐阜県,関ケ原町,ｷﾞﾌｹﾝ,ｾｷｶﾞﾊﾗﾁｮｳ
21381,岐阜県,神戸町,ｷﾞﾌｹﾝ,ｺﾞｳﾄﾞﾁｮｳ
21382,岐阜県,輪之内町,ｷﾞﾌｹﾝ,ﾜﾉｳﾁﾁｮｳ
21383,岐阜県,安八町,ｷﾞﾌｹﾝ,ｱﾝﾊﾟﾁﾁｮｳ
21401,岐阜県,揖斐川町,ｷﾞﾌｹﾝ,ｲﾋﾞｶﾞﾜﾁｮｳ
21403,岐阜県,大野町,ｷﾞﾌｹﾝ,ｵｵﾉﾁｮｳ
21404,岐阜県,池田町,ｷﾞﾌｹﾝ,ｲｹﾀﾞﾁｮｳ
21421,岐阜県,北方町,ｷﾞﾌｹﾝ,ｷﾀｶﾞﾀﾁｮｳ
21501,岐阜県,坂祝町,ｷﾞﾌｹﾝ,ｻｶﾎｷﾞﾁｮｳ
21502,岐阜県,富加町,ｷﾞﾌｹﾝ,ﾄﾐｶﾁｮｳ
21503,岐阜県,川辺町,ｷﾞﾌｹﾝ,ｶﾜﾍﾞﾁｮｳ
21504,岐阜県,七宗町,ｷﾞﾌｹﾝ,ﾋﾁｿｳﾁｮｳ
21505,岐阜県,八百津町,ｷﾞﾌｹﾝ,ﾔｵﾂﾁｮｳ
21506,岐阜県,白川町,ｷﾞﾌｹﾝ,ｼﾗｶﾜﾁｮｳ
21507,岐阜県,東白川村,ｷﾞﾌｹﾝ,ﾋｶﾞｼｼﾗｶﾜﾑﾗ
21521,岐阜県,御嵩町,ｷﾞﾌｹﾝ,ﾐﾀｹﾁｮｳ
21604,岐阜県,白川村,ｷﾞﾌｹﾝ,ｼﾗｶﾜﾑﾗ
22000,静岡県,,ｼｽﾞｵｶｹﾝ,
22100,静岡県,静岡市,ｼｽﾞｵｶｹﾝ,ｼｽﾞｵｶｼ
22130,静岡県,浜松市,ｼｽﾞｵｶｹﾝ,ﾊﾏﾏﾂｼ
22203,静岡県,沼津市,ｼｽﾞｵｶｹﾝ,ﾇﾏﾂﾞｼ
22205,静岡県,熱海市,ｼｽﾞｵｶｹﾝ,ｱﾀﾐｼ
22206,静岡県,三島市,ｼｽﾞｵｶｹﾝ,ﾐｼﾏｼ
22207,静岡県,富士宮市,ｼｽﾞｵｶｹﾝ,ﾌｼﾞﾉﾐﾔｼ
22208,静岡県,伊東市,ｼｽﾞｵｶｹﾝ,ｲﾄｳｼ
22209,静岡県,島田市,ｼｽﾞｵｶｹﾝ,ｼﾏﾀﾞｼ
22210,静岡県,富士市,ｼｽﾞｵｶｹﾝ,ﾌｼﾞｼ
22211,静岡県,磐田市,ｼｽﾞｵｶｹﾝ,ｲﾜﾀｼ
22212,静岡県,焼津市,ｼｽﾞｵｶｹﾝ,ﾔｲﾂﾞｼ
22213,静岡県,掛川市,ｼｽﾞｵｶｹﾝ,ｶｹｶﾞﾜｼ
22214,静岡県,藤枝市,ｼｽﾞｵｶｹﾝ,ﾌｼﾞｴﾀﾞｼ
22215,静岡県,御殿場市,ｼｽﾞｵｶｹﾝ,ｺﾞﾃﾝﾊﾞｼ
22216,静岡県,袋井市,ｼｽﾞｵｶｹﾝ,ﾌｸﾛｲｼ
22219,静岡県,下田市,ｼｽﾞｵｶｹﾝ,ｼﾓﾀﾞｼ
22220,静岡県,裾野市,ｼｽﾞｵｶｹﾝ,ｽｿﾉｼ
22221,静岡県,湖西市,ｼｽﾞｵｶｹﾝ,ｺｻｲｼ
22222,静岡県,伊豆市,ｼｽﾞｵｶｹﾝ,ｲｽﾞｼ
22223,静岡県,御前崎市,ｼｽﾞｵｶｹﾝ,ｵﾏｴｻﾞｷｼ
22224,静岡県,菊川市,ｼｽﾞｵｶｹﾝ,ｷｸｶﾞﾜｼ
22225,静岡県,伊豆の国市,ｼｽﾞｵｶｹﾝ,ｲｽﾞﾉｸﾆｼ
22226,静岡県,牧之原市,ｼｽﾞｵｶｹﾝ,ﾏｷﾉﾊﾗｼ
22301,静岡県,東伊豆町,ｼｽﾞｵｶｹﾝ,ﾋｶﾞｼｲｽﾞﾁｮｳ
22302,静岡県,河津町,ｼｽﾞｵｶｹﾝ,ｶﾜﾂﾞﾁｮｳ
22304,静岡県,南伊豆町,ｼｽﾞｵｶｹﾝ,ﾐﾅﾐｲｽﾞﾁｮｳ
22305,静岡県,松崎町,ｼｽﾞｵｶｹﾝ,ﾏﾂｻﾞｷﾁｮｳ
22306,静岡県,西伊豆町,ｼｽﾞｵｶｹﾝ,ﾆｼｲｽﾞﾁｮｳ
22325,静岡県,函南町,ｼｽﾞｵｶｹﾝ,ｶﾝﾅﾐﾁｮｳ
22341,静岡県,清水町,ｼｽﾞｵｶｹﾝ,ｼﾐｽﾞﾁｮｳ
22342,静岡県,長泉町,ｼｽﾞｵｶｹﾝ,ﾅｶﾞｲｽﾞﾐﾁｮｳ
22344,静岡県,小山町,ｼｽﾞｵｶｹﾝ,ｵﾔﾏﾁｮｳ
22424,静岡県,吉田町,ｼｽﾞｵｶｹﾝ,ﾖｼﾀﾞﾁｮｳ
22429,静岡県,川根本町,ｼｽﾞｵｶｹﾝ,ｶﾜﾈﾎﾝﾁｮｳ
22461,静岡県,森町,ｼｽﾞｵｶｹﾝ,ﾓﾘﾏﾁ
23000,愛知県,,ｱｲﾁｹﾝ,
23100,愛知県,名古屋市,ｱｲﾁｹﾝ,ﾅｺﾞﾔｼ
23201,愛知県,豊橋市,ｱｲﾁｹﾝ,ﾄﾖﾊｼｼ
23202,愛知県,岡崎市,ｱｲﾁｹﾝ,ｵｶｻﾞｷｼ
23203,愛知県,一宮市,ｱｲﾁｹﾝ,ｲﾁﾉﾐﾔｼ
23204,愛知県,瀬戸市,ｱｲﾁｹﾝ,ｾﾄｼ
23205,愛知県,半田市,ｱｲﾁｹﾝ,ﾊﾝﾀﾞｼ
23206,愛知県,春日井市,ｱｲﾁｹﾝ,ｶｽｶﾞｲｼ
23207,愛知県,豊川市,ｱｲﾁｹﾝ,ﾄﾖｶﾜｼ
23208,愛知県,津島市,ｱｲﾁｹﾝ,ﾂｼﾏｼ
23209,愛知県,碧南市,ｱｲﾁｹﾝ,ﾍｷﾅﾝｼ
23210,愛知県,刈谷市,ｱｲﾁｹﾝ,ｶﾘﾔｼ
23211,愛知県,豊田市,ｱｲﾁｹﾝ,ﾄﾖﾀｼ
23212,愛知県,安城市,ｱｲﾁｹﾝ,ｱﾝｼﾞｮｳｼ
23213,愛知県,西尾市,ｱｲﾁｹﾝ,ﾆｼｵｼ
23214,愛知県,蒲郡市,ｱｲﾁｹﾝ,ｶﾞﾏｺﾞｵﾘｼ
23215,愛知県,犬山市,ｱｲﾁｹﾝ,ｲﾇﾔﾏｼ
23216,愛知県,常滑市,ｱｲﾁｹﾝ,ﾄｺﾅﾒｼ
23217,愛知県,江南市,ｱｲﾁｹﾝ,ｺｳﾅﾝｼ
23219,愛知県,小牧市,ｱｲﾁｹﾝ,ｺﾏｷｼ
23220,愛知県,稲沢市,ｱｲﾁｹﾝ,ｲﾅｻﾞﾜｼ
23221,愛知県,新城市,ｱｲﾁｹﾝ,ｼﾝｼﾛｼ
23222,愛知県,東海市,ｱｲﾁｹﾝ,ﾄｳｶｲｼ
23223,愛知県,大府市,ｱｲﾁｹﾝ,ｵｵﾌﾞｼ
23224,愛知県,知多市,ｱｲﾁｹﾝ,ﾁﾀｼ
23225,愛知県,知立市,ｱｲﾁｹﾝ,ﾁﾘｭｳｼ
23226,愛知県,尾張旭市,ｱｲﾁｹﾝ,ｵﾜﾘｱｻﾋｼ
23227,愛知県,高浜市,ｱｲﾁｹﾝ,ﾀｶﾊﾏｼ
23228,愛知県,岩倉市,ｱｲﾁｹﾝ,ｲﾜｸﾗｼ
23229,愛知県,豊明市,ｱｲﾁｹﾝ,ﾄﾖｱｹｼ
23230,愛知県,日進市,ｱｲﾁｹﾝ,ﾆｯｼﾝｼ
23231,愛知県,田原市,ｱｲﾁｹﾝ,ﾀﾊﾗｼ
23232,愛知県,愛西市,ｱｲﾁｹﾝ,ｱｲｻｲｼ
23233,愛知県,清須市,ｱｲﾁｹﾝ,ｷﾖｽｼ
23234,愛知県,北名古屋市,ｱｲﾁｹﾝ,ｷﾀﾅｺﾞﾔｼ
23235,愛知県,弥富市,ｱｲﾁｹﾝ,ﾔﾄﾐｼ
23236,愛知県,みよし市,ｱｲﾁｹﾝ,ﾐﾖｼｼ
23237,愛知県,あま市,ｱｲﾁｹﾝ,ｱﾏｼ
23238,愛知県,長久手市,ｱｲﾁｹﾝ,ﾅｶﾞｸﾃｼ
23302,愛知県,東郷町,ｱｲﾁｹﾝ,ﾄｳｺﾞｳﾁｮｳ
23342,愛知県,豊山町,ｱｲﾁｹﾝ,ﾄﾖﾔﾏﾁｮｳ
23361,愛知県,大口町,ｱｲﾁｹﾝ,ｵｵｸﾞﾁﾁｮｳ
23362,愛知県,扶桑町,ｱｲﾁｹﾝ,ﾌｿｳﾁｮｳ
23424,愛知県,大治町,ｱｲﾁｹﾝ,ｵｵﾊﾙﾁｮｳ
23425,愛知県,蟹江町,ｱｲﾁｹﾝ,ｶﾆｴﾁｮｳ
23427,愛知県,飛島村,ｱｲﾁｹﾝ,ﾄﾋﾞｼﾏﾑﾗ
23441,愛知県,阿久比町,ｱｲﾁｹﾝ,ｱｸﾞｲﾁｮｳ
23442,愛知県,東浦町,ｱｲﾁｹﾝ,ﾋｶﾞｼｳﾗﾁｮｳ
23445,愛知県,南知多町,ｱｲﾁｹﾝ,ﾐﾅﾐﾁﾀﾁｮｳ
23446,愛知県,美浜町,ｱｲﾁｹﾝ,ﾐﾊﾏﾁｮｳ
23447,愛知県,武豊町,ｱｲﾁｹﾝ,ﾀｹﾄﾖﾁｮｳ
23501,愛知県,幸田町,ｱｲﾁｹﾝ,ｺｳﾀﾁｮｳ
23561,愛知県,設楽町,ｱｲﾁｹﾝ,ｼﾀﾗﾁｮｳ
23562,愛知県,東栄町,ｱｲﾁｹﾝ,ﾄｳｴｲﾁｮｳ
23563,愛知県,豊根村,ｱｲﾁｹﾝ,ﾄﾖﾈﾑﾗ
24000,三重県,,ﾐｴｹﾝ,
24201,三重県,津市,ﾐｴｹﾝ,ﾂｼ
24202,三重県,四日市市,ﾐｴｹﾝ,ﾖｯｶｲﾁｼ
24203,三重県,伊勢市,ﾐｴｹﾝ,ｲｾｼ
24204,三重県,松阪市,ﾐｴｹﾝ,ﾏﾂｻｶｼ
24205,三重県,桑名市,ﾐｴｹﾝ,ｸﾜﾅｼ
24207,三重県,鈴鹿市,ﾐｴｹﾝ,ｽｽﾞｶｼ
24208,三重県,名張市,ﾐｴｹﾝ,ﾅﾊﾞﾘｼ
24209,三重県,尾鷲市,ﾐｴｹﾝ,ｵﾜｾｼ
24210,三重県,亀山市,ﾐｴｹﾝ,ｶﾒﾔﾏｼ
24211,三重県,鳥羽市,ﾐｴｹﾝ,ﾄﾊﾞｼ
24212,三重県,熊野市,ﾐｴｹﾝ,ｸﾏﾉｼ
24214,三重県,いなべ市,ﾐｴｹﾝ,ｲﾅﾍﾞｼ
24215,三重県,志摩市,ﾐｴｹﾝ,ｼﾏｼ
24216,三重県,伊賀市,ﾐｴｹﾝ,ｲｶﾞｼ
24303,三重県,木曽岬町,ﾐｴｹﾝ,ｷｿｻｷﾁｮｳ
24324,三重県,東員町,ﾐｴｹﾝ,ﾄｳｲﾝﾁｮｳ
24341,三重県,菰野町,ﾐｴｹﾝ,ｺﾓﾉﾁｮｳ
24343,三重県,朝日町,ﾐｴｹﾝ,ｱｻﾋﾁｮｳ
24344,三重県,川越町,ﾐｴｹﾝ,ｶﾜｺﾞｴﾁｮｳ
24441,三重県,多気町,ﾐｴｹﾝ,ﾀｷﾁｮｳ
24442,三重県,明和町,ﾐｴｹﾝ,ﾒｲﾜﾁｮｳ
24443,三重県,大台町,ﾐｴｹﾝ,ｵｵﾀﾞｲﾁｮｳ
24461,三重県,玉城町,ﾐｴｹﾝ,ﾀﾏｷﾁｮｳ
24470,三重県,度会町,ﾐｴｹﾝ,ﾜﾀﾗｲﾁｮｳ
24471,三重県,大紀町,ﾐｴｹﾝ,ﾀｲｷﾁｮｳ
24472,三重県,南伊勢町,ﾐｴｹﾝ,ﾐﾅﾐｲｾﾁｮｳ
24543,三重県,紀北町,ﾐｴｹﾝ,ｷﾎｸﾁｮｳ
24561,三重県,御浜町,ﾐｴｹﾝ,ﾐﾊﾏﾁｮｳ
24562,三重県,紀宝町,ﾐｴｹﾝ,ｷﾎｳﾁｮｳ
25000,滋賀県,,ｼｶﾞｹﾝ,
25201,滋賀県,大津市,ｼｶﾞｹﾝ,ｵｵﾂｼ
25202,滋賀県,彦根市,ｼｶﾞｹﾝ,ﾋｺﾈｼ
25203,滋賀県,長浜市,ｼｶﾞｹﾝ,ﾅｶﾞﾊﾏｼ
25204,滋賀県,近江八幡市,ｼｶﾞｹﾝ,ｵｳﾐﾊﾁﾏﾝｼ
25206,滋賀県,草津市,ｼｶﾞｹﾝ,ｸｻﾂｼ
25207,滋賀県,守山市,ｼｶﾞｹﾝ,ﾓﾘﾔﾏｼ
25208,滋賀県,栗東市,ｼｶﾞｹﾝ,ﾘｯﾄｳｼ
25209,滋賀県,甲賀市,ｼｶﾞｹﾝ,ｺｳｶｼ
25210,滋賀県,野洲市,ｼｶﾞｹﾝ,ﾔｽｼ
25211,滋賀県,湖南市,ｼｶﾞｹﾝ,ｺﾅﾝｼ
25212,滋賀県,高島市,ｼｶﾞｹﾝ,ﾀｶｼﾏｼ
25213,滋賀県,東近江市,ｼｶﾞｹﾝ,ﾋｶﾞｼｵｳﾐｼ
25214,滋賀県,米原市,ｼｶﾞｹﾝ,ﾏｲﾊﾞﾗｼ
25383,滋賀県,日野町,ｼｶﾞｹﾝ,ﾋﾉﾁｮｳ
25384,滋賀県,竜王町,ｼｶﾞｹﾝ,ﾘﾕｳｵｳﾁｮｳ
25425,滋賀県,愛荘町,ｼｶﾞｹﾝ,ｱｲｼｮｳﾁｮｳ
25441,滋賀県,豊郷町,ｼｶﾞｹﾝ,ﾄﾖｻﾄﾁｮｳ
25442,滋賀県,甲良町,ｼｶﾞｹﾝ,ｺｳﾗﾁｮｳ
25443,滋賀県,多賀町,ｼｶﾞｹﾝ,ﾀｶﾞﾁｮｳ
26000,京都府,,ｷｮｳﾄﾌ,
26100,京都府,京都市,ｷｮｳﾄﾌ,ｷｮｳﾄｼ
26201,京都府,福知山市,ｷｮｳﾄﾌ,ﾌｸﾁﾔﾏｼ
26202,京都府,舞鶴市,ｷｮｳﾄﾌ,ﾏｲﾂﾞﾙｼ
26203,京都府,綾部市,ｷｮｳﾄﾌ,ｱﾔﾍﾞｼ
26204,京都府,宇治市,ｷｮｳﾄﾌ,ｳｼﾞｼ
26205,京都府,宮津市,ｷｮｳﾄﾌ,ﾐﾔﾂﾞｼ
26206,京都府,亀岡市,ｷｮｳﾄﾌ,ｶﾒｵｶｼ
26207,京都府,城陽市,ｷｮｳﾄﾌ,ｼﾞｮｳﾖｳｼ
26208,京都府,向日市,ｷｮｳﾄﾌ,ﾑｺｳｼ
26209,京都府,長岡京市,ｷｮｳﾄﾌ,ﾅｶﾞｵｶｷｮｳｼ
26210,京都府,八幡市,ｷｮｳﾄﾌ,ﾔﾜﾀｼ
26211,京都府,京田辺市,ｷｮｳﾄﾌ,ｷｮｳﾀﾅﾍﾞｼ
26212,京都府,京丹後市,ｷｮｳﾄﾌ,ｷｮｳﾀﾝｺﾞｼ
26213,京都府,南丹市,ｷｮｳﾄﾌ,ﾅﾝﾀﾝｼ
26214,京都府,木津川市,ｷｮｳﾄﾌ,ｷﾂﾞｶﾞﾜｼ
26303,京都府,大山崎町,ｷｮｳﾄﾌ,ｵｵﾔﾏｻﾞｷﾁｮｳ
26322,京都府,久御山町,ｷｮｳﾄﾌ,ｸﾐﾔﾏﾁｮｳ
26343,京都府,井手町,ｷｮｳﾄﾌ,ｲﾃﾞﾁｮｳ
26344,京都府,宇治田原町,ｷｮｳﾄﾌ,ｳｼﾞﾀﾜﾗﾁｮｳ
26364,京都府,笠置町,ｷｮｳﾄﾌ,ｶｻｷﾞﾁｮｳ
26365,京都府,和束町,ｷｮｳﾄﾌ,ﾜﾂﾞｶﾁｮｳ
26366,京都府,精華町,ｷｮｳﾄﾌ,ｾｲｶﾁｮｳ
26367,京都府,南山城村,ｷｮｳﾄﾌ,ﾐﾅﾐﾔﾏｼﾛﾑﾗ
26407,京都府,京丹波町,ｷｮｳﾄﾌ,ｷｮｳﾀﾝﾊﾞﾁｮｳ
26463,京都府,伊根町,ｷｮｳﾄﾌ,ｲﾈﾁｮｳ
26465,京都府,与謝野町,ｷｮｳﾄﾌ,ﾖｻﾉﾁｮｳ
27000,大阪府,,ｵｵｻｶﾌ,
27100,大阪府,大阪市,ｵｵｻｶﾌ,ｵｵｻｶｼ
27140,大阪府,堺市,ｵｵｻｶﾌ,ｻｶｲｼ
27202,大阪府,岸和田市,ｵｵｻｶﾌ,ｷｼﾜﾀﾞｼ
27203,大阪府,豊中市,ｵｵｻｶﾌ,ﾄﾖﾅｶｼ
27204,大阪府,池田市,ｵｵｻｶﾌ,ｲｹﾀﾞｼ
27205,大阪府,吹田市,ｵｵｻｶﾌ,ｽｲﾀｼ
27206,大阪府,泉大津市,ｵｵｻｶﾌ,ｲｽﾞﾐｵｵﾂｼ
27207,大阪府,高槻市,ｵｵｻｶﾌ,ﾀｶﾂｷｼ
27208,大阪府,貝塚市,ｵｵｻｶﾌ,ｶｲﾂﾞｶｼ
27209,大阪府,守口市,ｵｵｻｶﾌ,ﾓﾘｸﾞﾁｼ
27210,大阪府,枚方市,ｵｵｻｶﾌ,ﾋﾗｶﾀｼ
27211,大阪府,茨木市,ｵｵｻｶﾌ,ｲﾊﾞﾗｷｼ
27212,大阪府,八尾市,ｵｵｻｶﾌ,ﾔｵｼ
27213,大阪府,泉佐野市,ｵｵｻｶﾌ,ｲｽﾞﾐｻﾉｼ
27214,大阪府,富田林市,ｵｵｻｶﾌ,ﾄﾝﾀﾞﾊﾞﾔｼｼ
27215,大阪府,寝屋川市,ｵｵｻｶﾌ,ﾈﾔｶﾞﾜｼ
27216,大阪府,河内長野市,ｵｵｻｶﾌ,ｶﾜﾁﾅｶﾞﾉｼ
27217,大阪府,松原市,ｵｵｻｶﾌ,ﾏﾂﾊﾞﾗｼ
27218,大阪府,大東市,ｵｵｻｶﾌ,ﾀﾞｲﾄｳｼ
27219,大阪府,和泉市,ｵｵｻｶﾌ,ｲｽﾞﾐｼ
27220,大阪府,箕面市,ｵｵｻｶﾌ,ﾐﾉｵｼ
27221,大阪府,柏原市,ｵｵｻｶﾌ,ｶｼﾜﾗｼ
27222,大阪府,羽曳野市,ｵｵｻｶﾌ,ﾊﾋﾞｷﾉｼ
27223,大阪府,門真市,ｵｵｻｶﾌ,ｶﾄﾞﾏｼ
27224,大阪府,摂津市,ｵｵｻｶﾌ,ｾｯﾂｼ
27225,大阪府,高石市,ｵｵｻｶﾌ,ﾀｶｲｼｼ
27226,大阪府,藤井寺市,ｵｵｻｶﾌ,ﾌｼﾞｲﾃﾞﾗｼ
27227,大阪府,東大阪市,ｵｵｻｶﾌ,ﾋｶﾞｼｵｵｻｶｼ
27228,大阪府,泉南市,ｵｵｻｶﾌ,ｾﾝﾅﾝｼ
27229,大阪府,四條畷市,ｵｵｻｶﾌ,ｼｼﾞﾖｳﾅﾜﾃｼ
27230,大阪府,交野市,ｵｵｻｶﾌ,ｶﾀﾉｼ
27231,大阪府,大阪狭山市,ｵｵｻｶﾌ,ｵｵｻｶｻﾔﾏｼ
27232,大阪府,阪南市,ｵｵｻｶﾌ,ﾊﾝﾅﾝｼ
27301,大阪府,島本町,ｵｵｻｶﾌ,ｼﾏﾓﾄﾁｮｳ
27321,大阪府,豊能町,ｵｵｻｶﾌ,ﾄﾖﾉﾁｮｳ
27322,大阪府,能勢町,ｵｵｻｶﾌ,ﾉｾﾁｮｳ
27341,大阪府,忠岡町,ｵｵｻｶﾌ,ﾀﾀﾞｵｶﾁｮｳ
27361,大阪府,熊取町,ｵｵｻｶﾌ,ｸﾏﾄﾘﾁｮｳ
27362,大阪府,田尻町,ｵｵｻｶﾌ,ﾀｼﾞﾘﾁｮｳ
27366,大阪府,岬町,ｵｵｻｶﾌ,ﾐｻｷﾁｮｳ
27381,大阪府,太子町,ｵｵｻｶﾌ,ﾀｲｼﾁｮｳ
27382,大阪府,河南町,ｵｵｻｶﾌ,ｶﾅﾝﾁｮｳ
27383,大阪府,千早赤阪村,ｵｵｻｶﾌ,ﾁﾊﾔｱｶｻｶﾑﾗ
28000,兵庫県,,ﾋｮｳｺﾞｹﾝ,
28100,兵庫県,神戸市,ﾋｮｳｺﾞｹﾝ,ｺｳﾍﾞｼ
28201,兵庫県,姫路市,ﾋｮｳｺﾞｹﾝ,ﾋﾒｼﾞｼ
28202,兵庫県,尼崎市,ﾋｮｳｺﾞｹﾝ,ｱﾏｶﾞｻｷｼ
28203,兵庫県,明石市,ﾋｮｳｺﾞｹﾝ,ｱｶｼｼ
28204,兵庫県,西宮市,ﾋｮｳｺﾞｹﾝ,ﾆｼﾉﾐﾔｼ
28205,兵庫県,洲本市,ﾋｮｳｺﾞｹﾝ,ｽﾓﾄｼ
28206,兵庫県,芦屋市,ﾋｮｳｺﾞｹﾝ,ｱｼﾔｼ
28207,兵庫県,伊丹市,ﾋｮｳｺﾞｹﾝ,ｲﾀﾐｼ
28208,兵庫県,相生市,ﾋｮｳｺﾞｹﾝ,ｱｲｵｲｼ
28209,兵庫県,豊岡市,ﾋｮｳｺﾞｹﾝ,ﾄﾖｵｶｼ
28210,兵庫県,加古川市,ﾋｮｳｺﾞｹﾝ,ｶｺｶﾞﾜｼ
28212,兵庫県,赤穂市,ﾋｮｳｺﾞｹﾝ,ｱｺｳｼ
28213,兵庫県,西脇市,ﾋｮｳｺﾞｹﾝ,ﾆｼﾜｷｼ
28214,兵庫県,宝塚市,ﾋｮｳｺﾞｹﾝ,ﾀｶﾗﾂﾞｶｼ
28215,兵庫県,三木市,ﾋｮｳｺﾞｹﾝ,ﾐｷｼ
28216,兵庫県,高砂市,ﾋｮｳｺﾞｹﾝ,ﾀｶｻｺﾞｼ
28217,兵庫県,川西市,ﾋｮｳｺﾞｹﾝ,ｶﾜﾆｼｼ
28218,兵庫県,小野市,ﾋｮｳｺﾞｹﾝ,ｵﾉｼ
28219,兵庫県,三田市,ﾋｮｳｺﾞｹﾝ,ｻﾝﾀﾞｼ
28220,兵庫県,加西市,ﾋｮｳｺﾞｹﾝ,ｶｻｲｼ
28221,兵庫県,丹波篠山市,ﾋｮｳｺﾞｹﾝ,ﾀﾝﾊﾞｻｻﾔﾏｼ
28222,兵庫県,養父市,ﾋｮｳｺﾞｹﾝ,ﾔﾌﾞｼ
28223,兵庫県,丹波市,ﾋｮｳｺﾞｹﾝ,ﾀﾝﾊﾞｼ
28224,兵庫県,南あわじ市,ﾋｮｳｺﾞｹﾝ,ﾐﾅﾐｱﾜｼﾞｼ
28225,兵庫県,朝来市,ﾋｮｳｺﾞｹﾝ,ｱｻｺﾞｼ
28226,兵庫県,淡路市,ﾋｮｳｺﾞｹﾝ,ｱﾜｼﾞｼ
28227,兵庫県,宍粟市,ﾋｮｳｺﾞｹﾝ,ｼｿｳｼ
28228,兵庫県,加東市,ﾋｮｳｺﾞｹﾝ,ｶﾄｳｼ
28229,兵庫県,たつの市,ﾋｮｳｺﾞｹﾝ,ﾀﾂﾉｼ
28301,兵庫県,猪名川町,ﾋｮｳｺﾞｹﾝ,ｲﾅｶﾞﾜﾁｮｳ
28365,兵庫県,多可町,ﾋｮｳｺﾞｹﾝ,ﾀｶﾁｮｳ
28381,兵庫県,稲美町,ﾋｮｳｺﾞｹﾝ,ｲﾅﾐﾁｮｳ
28382,兵庫県,播磨町,ﾋｮｳｺﾞｹﾝ,ﾊﾘﾏﾁｮｳ
28442,兵庫県,市川町,ﾋｮｳｺﾞｹﾝ,ｲﾁｶﾜﾁｮｳ
28443,兵庫県,福崎町,ﾋｮｳｺﾞｹﾝ,ﾌｸｻｷﾁｮｳ
28446,兵庫県,神河町,ﾋｮｳｺﾞｹﾝ,ｶﾐｶﾜﾁｮｳ
28464,兵庫県,太子町,ﾋｮｳｺﾞｹﾝ,ﾀｲｼﾁｮｳ
28481,兵庫県,上郡町,ﾋｮｳｺﾞｹﾝ,ｶﾐｺﾞｵﾘﾁｮｳ
28501,兵庫県,佐用町,ﾋｮｳｺﾞｹﾝ,ｻﾖｳﾁｮｳ
28585,兵庫県,香美町,ﾋｮｳｺﾞｹﾝ,ｶﾐﾁｮｳ
28586,兵庫県,新温泉町,ﾋｮｳｺﾞｹﾝ,ｼﾝｵﾝｾﾝﾁｮｳ
29000,奈良県,,ﾅﾗｹﾝ,
29201,奈良県,奈良市,ﾅﾗｹﾝ,ﾅﾗｼ
29202,奈良県,大和高田市,ﾅﾗｹﾝ,ﾔﾏﾄﾀｶﾀﾞｼ
29203,奈良県,大和郡山市,ﾅﾗｹﾝ,ﾔﾏﾄｺｵﾘﾔﾏｼ
29204,奈良県,天理市,ﾅﾗｹﾝ,ﾃﾝﾘｼ
29205,奈良県,橿原市,ﾅﾗｹﾝ,ｶｼﾊﾗｼ
29206,奈良県,桜井市,ﾅﾗｹﾝ,ｻｸﾗｲｼ
29207,奈良県,五條市,ﾅﾗｹﾝ,ｺﾞｼﾞｮｳｼ
29208,奈良県,御所市,ﾅﾗｹﾝ,ｺﾞｾｼ
29209,奈良県,生駒市,ﾅﾗｹﾝ,ｲｺﾏｼ
29210,奈良県,香芝市,ﾅﾗｹﾝ,ｶｼﾊﾞｼ
29211,奈良県,葛城市,ﾅﾗｹﾝ,ｶﾂﾗｷﾞｼ
29212,奈良県,宇陀市,ﾅﾗｹﾝ,ｳﾀﾞｼ
29322,奈良県,山添村,ﾅﾗｹﾝ,ﾔﾏｿﾞｴﾑﾗ
29342,奈良県,平群町,ﾅﾗｹﾝ,ﾍｸﾞﾘﾁｮｳ
29343,奈良県,三郷町,ﾅﾗｹﾝ,ｻﾝｺﾞｳﾁｮｳ
29344,奈良県,斑鳩町,ﾅﾗｹﾝ,ｲｶﾙｶﾞﾁｮｳ
29345,奈良県,安堵町,ﾅﾗｹﾝ,ｱﾝﾄﾞﾁｮｳ
29361,奈良県,川西町,ﾅﾗｹﾝ,ｶﾜﾆｼﾁｮｳ
29362,奈良県,三宅町,ﾅﾗｹﾝ,ﾐﾔｹﾁｮｳ
29363,奈良県,田原本町,ﾅﾗｹﾝ,ﾀﾜﾗﾓﾄﾁｮｳ
29385,奈良県,曽爾村,ﾅﾗｹﾝ,ｿﾆﾑﾗ
29386,奈良県,御杖村,ﾅﾗｹﾝ,ﾐﾂｴﾑﾗ
29401,奈良県,高取町,ﾅﾗｹﾝ,ﾀｶﾄﾘﾁｮｳ
29402,奈良県,明日香村,ﾅﾗｹﾝ,ｱｽｶﾑﾗ
29424,奈良県,上牧町,ﾅﾗｹﾝ,ｶﾝﾏｷﾁｮｳ
29425,奈良県,王寺町,ﾅﾗｹﾝ,ｵｳｼﾞﾁｮｳ
29426,奈良県,広陵町,ﾅﾗｹﾝ,ｺｳﾘﾖｳﾁｮｳ
29427,奈良県,河合町,ﾅﾗｹﾝ,ｶﾜｲﾁｮｳ
29441,奈良県,吉野町,ﾅﾗｹﾝ,ﾖｼﾉﾁｮｳ
29442,奈良県,大淀町,ﾅﾗｹﾝ,ｵｵﾖﾄﾞﾁｮｳ
29443,奈良県,下市町,ﾅﾗｹﾝ,ｼﾓｲﾁﾁｮｳ
29444,奈良県,黒滝村,ﾅﾗｹﾝ,ｸﾛﾀｷﾑﾗ
29446,奈良県,天川村,ﾅﾗｹﾝ,ﾃﾝｶﾜﾑﾗ
29447,奈良県,野迫川村,ﾅﾗｹﾝ,ﾉｾｶﾞﾜﾑﾗ
29449,奈良県,十津川村,ﾅﾗｹﾝ,ﾄﾂｶﾜﾑﾗ
29450,奈良県,下北山村,ﾅﾗｹﾝ,ｼﾓｷﾀﾔﾏﾑﾗ
29451,奈良県,上北山村,ﾅﾗｹﾝ,ｶﾐｷﾀﾔﾏﾑﾗ
29452,奈良県,川上村,ﾅﾗｹﾝ,ｶﾜｶﾐﾑﾗ
29453,奈良県,東吉野村,ﾅﾗｹﾝ,ﾋｶﾞｼﾖｼﾉﾑﾗ
30000,和歌山県,,ﾜｶﾔﾏｹﾝ,
30201,和歌山県,和歌山市,ﾜｶﾔﾏｹﾝ,ﾜｶﾔﾏｼ
30202,和歌山県,海南市,ﾜｶﾔﾏｹﾝ,ｶｲﾅﾝｼ
30203,和歌山県,橋本市,ﾜｶﾔﾏｹﾝ,ﾊｼﾓﾄｼ
30204,和歌山県,有田市,ﾜｶﾔﾏｹﾝ,ｱﾘﾀﾞｼ
30205,和歌山県,御坊市,ﾜｶﾔﾏｹﾝ,ｺﾞﾎﾞｳｼ
30206,和歌山県,田辺市,ﾜｶﾔﾏｹﾝ,ﾀﾅﾍﾞｼ
30207,和歌山県,新宮市,ﾜｶﾔﾏｹﾝ,ｼﾝｸﾞｳｼ
30208,和歌山県,紀の川市,ﾜｶﾔﾏｹﾝ,ｷﾉｶﾜｼ
30209,和歌山県,岩出市,ﾜｶﾔﾏｹﾝ,ｲﾜﾃﾞｼ
30304,和歌山県,紀美野町,ﾜｶﾔﾏｹﾝ,ｷﾐﾉﾁｮｳ
30341,和歌山県,かつらぎ町,ﾜｶﾔﾏｹﾝ,ｶﾂﾗｷﾞﾁｮｳ
30343,和歌山県,九度山町,ﾜｶﾔﾏｹﾝ,ｸﾄﾞﾔﾏﾁｮｳ
30344,和歌山県,高野町,ﾜｶﾔﾏｹﾝ,ｺｳﾔﾁｮｳ
30361,和歌山県,湯浅町,ﾜｶﾔﾏｹﾝ,ﾕｱｻﾁｮｳ
30362,和歌山県,広川町,ﾜｶﾔﾏｹﾝ,ﾋﾛｶﾞﾜﾁｮｳ
30366,和歌山県,有田川町,ﾜｶﾔﾏｹﾝ,ｱﾘﾀﾞｶﾞﾜﾁｮｳ
30381,和歌山県,美浜町,ﾜｶﾔﾏｹﾝ,ﾐﾊﾏﾁｮｳ
30382,和歌山県,日高町,ﾜｶﾔﾏｹﾝ,ﾋﾀﾞｶﾁｮｳ
30383,和歌山県,由良町,ﾜｶﾔﾏｹﾝ,ﾕﾗﾁｮｳ
30390,和歌山県,印南町,ﾜｶﾔﾏｹﾝ,ｲﾅﾐﾁｮｳ
30391,和歌山県,みなべ町,ﾜｶﾔﾏｹﾝ,ﾐﾅﾍﾞﾁｮｳ
30392,和歌山県,日高川町,ﾜｶﾔﾏｹﾝ,ﾋﾀﾞｶｶﾞﾜﾁｮｳ
30401,和歌山県,白浜町,ﾜｶﾔﾏｹﾝ,ｼﾗﾊﾏﾁｮｳ
30404,和歌山県,上富田町,ﾜｶﾔﾏｹﾝ,ｶﾐﾄﾝﾀﾞﾁｮｳ
30406,和歌山県,すさみ町,ﾜｶﾔﾏｹﾝ,ｽｻﾐﾁｮｳ
30421,和歌山県,那智勝浦町,ﾜｶﾔﾏｹﾝ,ﾅﾁｶﾂｳﾗﾁｮｳ
30422,和歌山県,太地町,ﾜｶﾔﾏｹﾝ,ﾀｲｼﾞﾁｮｳ
30424,和歌山県,古座川町,ﾜｶﾔﾏｹﾝ,ｺｻﾞｶﾞﾜﾁｮｳ
30427,和歌山県,北山村,ﾜｶﾔﾏｹﾝ,ｷﾀﾔﾏﾑﾗ
30428,和歌山県,串本町,ﾜｶﾔﾏｹﾝ,ｸｼﾓﾄﾁｮｳ
31000,鳥取県,,ﾄｯﾄﾘｹﾝ,
31201,鳥取県,鳥取市,ﾄｯﾄﾘｹﾝ,ﾄｯﾄﾘｼ
31202,鳥取県,米子市,ﾄｯﾄﾘｹﾝ,ﾖﾅｺﾞｼ
31203,鳥取県,倉吉市,ﾄｯﾄﾘｹﾝ,ｸﾗﾖｼｼ
31204,鳥取県,境港市,ﾄｯﾄﾘｹﾝ,ｻｶｲﾐﾅﾄｼ
31302,鳥取県,岩美町,ﾄｯﾄﾘｹﾝ,ｲﾜﾐﾁｮｳ
31325,鳥取県,若桜町,ﾄｯﾄﾘｹﾝ,ﾜｶｻﾁｮｳ
31328,鳥取県,智頭町,ﾄｯﾄﾘｹﾝ,ﾁﾂﾞﾁｮｳ
31329,鳥取県,八頭町,ﾄｯﾄﾘｹﾝ,ﾔｽﾞﾁｮｳ
31364,鳥取県,三朝町,ﾄｯﾄﾘｹﾝ,ﾐｻｻﾁｮｳ
31370,鳥取県,湯梨浜町,ﾄｯﾄﾘｹﾝ,ﾕﾘﾊﾏﾁｮｳ
31371,鳥取県,琴浦町,ﾄｯﾄﾘｹﾝ,ｺﾄｳﾗﾁｮｳ
31372,鳥取県,北栄町,ﾄｯﾄﾘｹﾝ,ﾎｸｴｲﾁｮｳ
31384,鳥取県,日吉津村,ﾄｯﾄﾘｹﾝ,ﾋｴﾂﾞｿﾝ
31386,鳥取県,大山町,ﾄｯﾄﾘｹﾝ,ﾀﾞｲｾﾝﾁｮｳ
31389,鳥取県,南部町,ﾄｯﾄﾘｹﾝ,ﾅﾝﾌﾞﾁｮｳ
31390,鳥取県,伯耆町,ﾄｯﾄﾘｹﾝ,ﾎｳｷﾁｮｳ
31401,鳥取県,日南町,ﾄｯﾄﾘｹﾝ,ﾆﾁﾅﾝﾁｮｳ
31402,鳥取県,日野町,ﾄｯﾄﾘｹﾝ,ﾋﾉﾁｮｳ
31403,鳥取県,江府町,ﾄｯﾄﾘｹﾝ,ｺｳﾌﾁｮｳ
32000,島根県,,ｼﾏﾈｹﾝ,
32201,島根県,松江市,ｼﾏﾈｹﾝ,ﾏﾂｴｼ
32202,島根県,浜田市,ｼﾏﾈｹﾝ,ﾊﾏﾀﾞｼ
32203,島根県,出雲市,ｼﾏﾈｹﾝ,ｲｽﾞﾓｼ
32204,島根県,益田市,ｼﾏﾈｹﾝ,ﾏｽﾀﾞｼ
32205,島根県,大田市,ｼﾏﾈｹﾝ,ｵｵﾀﾞｼ
32206,島根県,安来市,ｼﾏﾈｹﾝ,ﾔｽｷﾞｼ
32207,島根県,江津市,ｼﾏﾈｹﾝ,ｺﾞｳﾂｼ
32209,島根県,雲南市,ｼﾏﾈｹﾝ,ｳﾝﾅﾝｼ
32343,島根県,奥出雲町,ｼﾏﾈｹﾝ,ｵｸｲｽﾞﾓﾁｮｳ
32386,島根県,飯南町,ｼﾏﾈｹﾝ,ｲｲﾅﾝﾁｮｳ
32441,島根県,川本町,ｼﾏﾈｹﾝ,ｶﾜﾓﾄﾏﾁ
32448,島根県,美郷町,ｼﾏﾈｹﾝ,ﾐｻﾄﾁｮｳ
32449,島根県,邑南町,ｼﾏﾈｹﾝ,ｵｵﾅﾝﾁｮｳ
32501,島根県,津和野町,ｼﾏﾈｹﾝ,ﾂﾜﾉﾁｮｳ
32505,島根県,吉賀町,ｼﾏﾈｹﾝ,ﾖｼｶﾁｮｳ
32525,島根県,海士町,ｼﾏﾈｹﾝ,ｱﾏﾁｮｳ
32526,島根県,西ノ島町,ｼﾏﾈｹﾝ,ﾆｼﾉｼﾏﾁｮｳ
32527,島根県,知夫村,ｼﾏﾈｹﾝ,ﾁﾌﾞﾑﾗ
32528,島根県,隠岐の島町,ｼﾏﾈｹﾝ,ｵｷﾉｼﾏﾁｮｳ
33000,岡山県,,ｵｶﾔﾏｹﾝ,
33100,岡山県,岡山市,ｵｶﾔﾏｹﾝ,ｵｶﾔﾏｼ
33202,岡山県,倉敷市,ｵｶﾔﾏｹﾝ,ｸﾗｼｷｼ
33203,岡山県,津山市,ｵｶﾔﾏｹﾝ,ﾂﾔﾏｼ
33204,岡山県,玉野市,ｵｶﾔﾏｹﾝ,ﾀﾏﾉｼ
33205,岡山県,笠岡市,ｵｶﾔﾏｹﾝ,ｶｻｵｶｼ
33207,岡山県,井原市,ｵｶﾔﾏｹﾝ,ｲﾊﾞﾗｼ
33208,岡山県,総社市,ｵｶﾔﾏｹﾝ,ｿｳｼﾞﾔｼ
33209,岡山県,高梁市,ｵｶﾔﾏｹﾝ,ﾀｶﾊｼｼ
33210,岡山県,新見市,ｵｶﾔﾏｹﾝ,ﾆｲﾐｼ
33211,岡山県,備前市,ｵｶﾔﾏｹﾝ,ﾋﾞｾﾞﾝｼ
33212,岡山県,瀬戸内市,ｵｶﾔﾏｹﾝ,ｾﾄｳﾁｼ
33213,岡山県,赤磐市,ｵｶﾔﾏｹﾝ,ｱｶｲﾜｼ
33214,岡山県,真庭市,ｵｶﾔﾏｹﾝ,ﾏﾆﾜｼ
33215,岡山県,美作市,ｵｶﾔﾏｹﾝ,ﾐﾏｻｶｼ
33216,岡山県,浅口市,ｵｶﾔﾏｹﾝ,ｱｻｸﾁｼ
33346,岡山県,和気町,ｵｶﾔﾏｹﾝ,ﾜｹﾁｮｳ
33423,岡山県,早島町,ｵｶﾔﾏｹﾝ,ﾊﾔｼﾏﾁｮｳ
33445,岡山県,里庄町,ｵｶﾔﾏｹﾝ,ｻﾄｼｮｳﾁｮｳ
33461,岡山県,矢掛町,ｵｶﾔﾏｹﾝ,ﾔｶｹﾞﾁｮｳ
33586,岡山県,新庄村,ｵｶﾔﾏｹﾝ,ｼﾝｼﾞﾖｳｿﾝ
33606,岡山県,鏡野町,ｵｶﾔﾏｹﾝ,ｶｶﾞﾐﾉﾁｮｳ
33622,岡山県,勝央町,ｵｶﾔﾏｹﾝ,ｼｮｳｵｳﾁｮｳ
33623,岡山県,奈義町,ｵｶﾔﾏｹﾝ,ﾅｷﾞﾁｮｳ
33643,岡山県,西粟倉村,ｵｶﾔﾏｹﾝ,ﾆｼｱﾜｸﾗｿﾝ
33663,岡山県,久米南町,ｵｶﾔﾏｹﾝ,ｸﾒﾅﾝﾁｮｳ
33666,岡山県,美咲町,ｵｶﾔﾏｹﾝ,ﾐｻｷﾁｮｳ
33681,岡山県,吉備中央町,ｵｶﾔﾏｹﾝ,ｷﾋﾞﾁｭｳｵｳﾁｮｳ
34000,広島県,,ﾋﾛｼﾏｹﾝ,
34100,広島県,広島市,ﾋﾛｼﾏｹﾝ,ﾋﾛｼﾏｼ
34202,広島県,呉市,ﾋﾛｼﾏｹﾝ,ｸﾚｼ
34203,広島県,竹原市,ﾋﾛｼﾏｹﾝ,ﾀｹﾊﾗｼ
34204,広島県,三原市,ﾋﾛｼﾏｹﾝ,ﾐﾊﾗｼ
34205,広島県,尾道市,ﾋﾛｼﾏｹﾝ,ｵﾉﾐﾁｼ
34207,広島県,福山市,ﾋﾛｼﾏｹﾝ,ﾌｸﾔﾏｼ
34208,広島県,府中市,ﾋﾛｼﾏｹﾝ,ﾌﾁｭｳｼ
34209,広島県,三次市,ﾋﾛｼﾏｹﾝ,ﾐﾖｼｼ
34210,広島県,庄原市,ﾋﾛｼﾏｹﾝ,ｼｮｳﾊﾞﾗｼ
34211,広島県,大竹市,ﾋﾛｼﾏｹﾝ,ｵｵﾀｹｼ
34212,広島県,東広島市,ﾋﾛｼﾏｹﾝ,ﾋｶﾞｼﾋﾛｼﾏｼ
34213,広島県,廿日市市,ﾋﾛｼﾏｹﾝ,ﾊﾂｶｲﾁｼ
34214,広島県,安芸高田市,ﾋﾛｼﾏｹﾝ,ｱｷﾀｶﾀｼ
34215,広島県,江田島市,ﾋﾛｼﾏｹﾝ,ｴﾀｼﾞﾏｼ
34302,広島県,府中町,ﾋﾛｼﾏｹﾝ,ﾌﾁｭｳﾁｮｳ
34304,広島県,海田町,ﾋﾛｼﾏｹﾝ,ｶｲﾀﾁｮｳ
34307,広島県,熊野町,ﾋﾛｼﾏｹﾝ,ｸﾏﾉﾁｮｳ
34309,広島県,坂町,ﾋﾛｼﾏｹﾝ,ｻｶﾁｮｳ
34368,広島県,安芸太田町,ﾋﾛｼﾏｹﾝ,ｱｷｵｵﾀﾁｮｳ
34369,広島県,北広島町,ﾋﾛｼﾏｹﾝ,ｷﾀﾋﾛｼﾏﾁｮｳ
34431,広島県,大崎上島町,ﾋﾛｼﾏｹﾝ,ｵｵｻｷｶﾐｼﾞﾏﾁｮｳ
34462,広島県,世羅町,ﾋﾛｼﾏｹﾝ,ｾﾗﾁｮｳ
34545,広島県,神石高原町,ﾋﾛｼﾏｹﾝ,ｼﾞﾝｾｷｺｳｹﾞﾝﾁｮｳ
35000,山口県,,ﾔﾏｸﾞﾁｹﾝ,
35201,山口県,下関市,ﾔﾏｸﾞﾁｹﾝ,ｼﾓﾉｾｷｼ
35202,山口県,宇部市,ﾔﾏｸﾞﾁｹﾝ,ｳﾍﾞｼ
35203,山口県,山口市,ﾔﾏｸﾞﾁｹﾝ,ﾔﾏｸﾞﾁｼ
35204,山口県,萩市,ﾔﾏｸﾞﾁｹﾝ,ﾊｷﾞｼ
35206,山口県,防府市,ﾔﾏｸﾞﾁｹﾝ,ﾎｳﾌｼ
35207,山口県,下松市,ﾔﾏｸﾞﾁｹﾝ,ｸﾀﾞﾏﾂｼ
35208,山口県,岩国市,ﾔﾏｸﾞﾁｹﾝ,ｲﾜｸﾆｼ
35210,山口県,光市,ﾔﾏｸﾞﾁｹﾝ,ﾋｶﾘｼ
35211,山口県,長門市,ﾔﾏｸﾞﾁｹﾝ,ﾅｶﾞﾄｼ
35212,山口県,柳井市,ﾔﾏｸﾞﾁｹﾝ,ﾔﾅｲｼ
35213,山口県,美祢市,ﾔﾏｸﾞﾁｹﾝ,ﾐﾈｼ
35215,山口県,周南市,ﾔﾏｸﾞﾁｹﾝ,ｼｭｳﾅﾝｼ
35216,山口県,山陽小野田市,ﾔﾏｸﾞﾁｹﾝ,ｻﾝﾖｳｵﾉﾀﾞｼ
35305,山口県,周防大島町,ﾔﾏｸﾞﾁｹﾝ,ｽｵｳｵｵｼﾏﾁｮｳ
35321,山口県,和木町,ﾔﾏｸﾞﾁｹﾝ,ﾜｷﾁｮｳ
35341,山口県,上関町,ﾔﾏｸﾞﾁｹﾝ,ｶﾐﾉｾｷﾁｮｳ
35343,山口県,田布施町,ﾔﾏｸﾞﾁｹﾝ,ﾀﾌﾞｾﾁｮｳ
35344,山口県,平生町,ﾔﾏｸﾞﾁｹﾝ,ﾋﾗｵﾁｮｳ
35502,山口県,阿武町,ﾔﾏｸﾞﾁｹﾝ,ｱﾌﾞﾁｮｳ
36000,徳島県,,ﾄｸｼﾏｹﾝ,
36201,徳島県,徳島市,ﾄｸｼﾏｹﾝ,ﾄｸｼﾏｼ
36202,徳島県,鳴門市,ﾄｸｼﾏｹﾝ,ﾅﾙﾄｼ
36203,徳島県,小松島市,ﾄｸｼﾏｹﾝ,ｺﾏﾂｼﾏｼ
36204,徳島県,阿南市,ﾄｸｼﾏｹﾝ,ｱﾅﾝｼ
36205,徳島県,吉野川市,ﾄｸｼﾏｹﾝ,ﾖｼﾉｶﾞﾜｼ
36206,徳島県,阿波市,ﾄｸｼﾏｹﾝ,ｱﾜｼ
36207,徳島県,美馬市,ﾄｸｼﾏｹﾝ,ﾐﾏｼ
36208,徳島県,三好市,ﾄｸｼﾏｹﾝ,ﾐﾖｼｼ
36301,徳島県,勝浦町,ﾄｸｼﾏｹﾝ,ｶﾂｳﾗﾁｮｳ
36302,徳島県,上勝町,ﾄｸｼﾏｹﾝ,ｶﾐｶﾂﾁｮｳ
36321,徳島県,佐那河内村,ﾄｸｼﾏｹﾝ,ｻﾅｺﾞｳﾁｿﾝ
36341,徳島県,石井町,ﾄｸｼﾏｹﾝ,ｲｼｲﾁｮｳ
36342,徳島県,神山町,ﾄｸｼﾏｹﾝ,ｶﾐﾔﾏﾁｮｳ
36368,徳島県,那賀町,ﾄｸｼﾏｹﾝ,ﾅｶﾁｮｳ
36383,徳島県,牟岐町,ﾄｸｼﾏｹﾝ,ﾑｷﾞﾁｮｳ
36387,徳島県,美波町,ﾄｸｼﾏｹﾝ,ﾐﾅﾐﾁｮｳ
36388,徳島県,海陽町,ﾄｸｼﾏｹﾝ,ｶｲﾖｳﾁｮｳ
36401,徳島県,松茂町,ﾄｸｼﾏｹﾝ,ﾏﾂｼｹﾞﾁｮｳ
36402,徳島県,北島町,ﾄｸｼﾏｹﾝ,ｷﾀｼﾞﾏﾁｮｳ
36403,徳島県,藍住町,ﾄｸｼﾏｹﾝ,ｱｲｽﾞﾐﾁｮｳ
36404,徳島県,板野町,ﾄｸｼﾏｹﾝ,ｲﾀﾉﾁｮｳ
36405,徳島県,上板町,ﾄｸｼﾏｹﾝ,ｶﾐｲﾀﾁｮｳ
36468,徳島県,つるぎ町,ﾄｸｼﾏｹﾝ,ﾂﾙｷﾞﾁｮｳ
36489,徳島県,東みよし町,ﾄｸｼﾏｹﾝ,ﾋｶﾞｼﾐﾖｼﾁｮｳ
37000,香川県,,ｶｶﾞﾜｹﾝ,
37201,香川県,高松市,ｶｶﾞﾜｹﾝ,ﾀｶﾏﾂｼ
37202,香川県,丸亀市,ｶｶﾞﾜｹﾝ,ﾏﾙｶﾞﾒｼ
37203,香川県,坂出市,ｶｶﾞﾜｹﾝ,ｻｶｲﾃﾞｼ
37204,香川県,善通寺市,ｶｶﾞﾜｹﾝ,ｾﾞﾝﾂｳｼﾞｼ
37205,香川県,観音寺市,ｶｶﾞﾜｹﾝ,ｶﾝｵﾝｼﾞｼ
37206,香川県,さぬき市,ｶｶﾞﾜｹﾝ,ｻﾇｷｼ
37207,香川県,東かがわ市,ｶｶﾞﾜｹﾝ,ﾋｶﾞｼｶｶﾞﾜｼ
37208,香川県,三豊市,ｶｶﾞﾜｹﾝ,ﾐﾄﾖｼ
37322,香川県,土庄町,ｶｶﾞﾜｹﾝ,ﾄﾉｼｮｳﾁｮｳ
37324,香川県,小豆島町,ｶｶﾞﾜｹﾝ,ｼｮｳﾄﾞｼﾏﾁｮｳ
37341,香川県,三木町,ｶｶﾞﾜｹﾝ,ﾐｷﾁｮｳ
37364,香川県,直島町,ｶｶﾞﾜｹﾝ,ﾅｵｼﾏﾁｮｳ
37386,香川県,宇多津町,ｶｶﾞﾜｹﾝ,ｳﾀﾂﾞﾁｮｳ
37387,香川県,綾川町,ｶｶﾞﾜｹﾝ,ｱﾔｶﾞﾜﾁｮｳ
37403,香川県,琴平町,ｶｶﾞﾜｹﾝ,ｺﾄﾋﾗﾁｮｳ
37404,香川県,多度津町,ｶｶﾞﾜｹﾝ,ﾀﾄﾞﾂﾁｮｳ
37406,香川県,まんのう町,ｶｶﾞﾜｹﾝ,ﾏﾝﾉｳﾁｮｳ
38000,愛媛県,,ｴﾋﾒｹﾝ,
38201,愛媛県,松山市,ｴﾋﾒｹﾝ,ﾏﾂﾔﾏｼ
38202,愛媛県,今治市,ｴﾋﾒｹﾝ,ｲﾏﾊﾞﾘｼ
38203,愛媛県,宇和島市,ｴﾋﾒｹﾝ,ｳﾜｼﾞﾏｼ
38204,愛媛県,八幡浜市,ｴﾋﾒｹﾝ,ﾔﾜﾀﾊﾏｼ
38205,愛媛県,新居浜市,ｴﾋﾒｹﾝ,ﾆｲﾊﾏｼ
38206,愛媛県,西条市,ｴﾋﾒｹﾝ,ｻｲｼﾞｮｳｼ
38207,愛媛県,大洲市,ｴﾋﾒｹﾝ,ｵｵｽﾞｼ
38210,愛媛県,伊予市,ｴﾋﾒｹﾝ,ｲﾖｼ
38213,愛媛県,四国中央市,ｴﾋﾒｹﾝ,ｼｺｸﾁｭｳｵｳｼ
38214,愛媛県,西予市,ｴﾋﾒｹﾝ,ｾｲﾖｼ
38215,愛媛県,東温市,ｴﾋﾒｹﾝ,ﾄｳｵﾝｼ
38356,愛媛県,上島町,ｴﾋﾒｹﾝ,ｶﾐｼﾞﾏﾁｮｳ
38386,愛媛県,久万高原町,ｴﾋﾒｹﾝ,ｸﾏｺｳｹﾞﾝﾁｮｳ
38401,愛媛県,松前町,ｴﾋﾒｹﾝ,ﾏｻｷﾁｮｳ
38402,愛媛県,砥部町,ｴﾋﾒｹﾝ,ﾄﾍﾞﾁｮｳ
38422,愛媛県,内子町,ｴﾋﾒｹﾝ,ｳﾁｺﾁｮｳ
38442,愛媛県,伊方町,ｴﾋﾒｹﾝ,ｲｶﾀﾁｮｳ
38484,愛媛県,松野町,ｴﾋﾒｹﾝ,ﾏﾂﾉﾁｮｳ
38488,愛媛県,鬼北町,ｴﾋﾒｹﾝ,ｷﾎｸﾁｮｳ
38506,愛媛県,愛南町,ｴﾋﾒｹﾝ,ｱｲﾅﾝﾁｮｳ
39000,高知県,,ｺｳﾁｹﾝ,
39201,高知県,高知市,ｺｳﾁｹﾝ,ｺｳﾁｼ
39202,高知県,室戸市,ｺｳﾁｹﾝ,ﾑﾛﾄｼ
39203,高知県,安芸市,ｺｳﾁｹﾝ,ｱｷｼ
39204,高知県,南国市,ｺｳﾁｹﾝ,ﾅﾝｺｸｼ
39205,高知県,土佐市,ｺｳﾁｹﾝ,ﾄｻｼ
39206,高知県,須崎市,ｺｳﾁｹﾝ,ｽｻｷｼ
39208,高知県,宿毛市,ｺｳﾁｹﾝ,ｽｸﾓｼ
39209,高知県,土佐清水市,ｺｳﾁｹﾝ,ﾄｻｼﾐｽﾞｼ
39210,高知県,四万十市,ｺｳﾁｹﾝ,ｼﾏﾝﾄｼ
39211,高知県,香南市,ｺｳﾁｹﾝ,ｺｳﾅﾝｼ
39212,高知県,香美市,ｺｳﾁｹﾝ,ｶﾐｼ
39301,高知県,東洋町,ｺｳﾁｹﾝ,ﾄｳﾖｳﾁｮｳ
39302,高知県,奈半利町,ｺｳﾁｹﾝ,ﾅﾊﾘﾁｮｳ
39303,高知県,田野町,ｺｳﾁｹﾝ,ﾀﾉﾁｮｳ
39304,高知県,安田町,ｺｳﾁｹﾝ,ﾔｽﾀﾞﾁｮｳ
39305,高知県,北川村,ｺｳﾁｹﾝ,ｷﾀｶﾞﾜﾑﾗ
39306,高知県,馬路村,ｺｳﾁｹﾝ,ｳﾏｼﾞﾑﾗ
39307,高知県,芸西村,ｺｳﾁｹﾝ,ｹﾞｲｾｲﾑﾗ
39341,高知県,本山町,ｺｳﾁｹﾝ,ﾓﾄﾔﾏﾁｮｳ
39344,高知県,大豊町,ｺｳﾁｹﾝ,ｵｵﾄﾖﾁｮｳ
39363,高知県,土佐町,ｺｳﾁｹﾝ,ﾄｻﾁｮｳ
39364,高知県,大川村,ｺｳﾁｹﾝ,ｵｵｶﾜﾑﾗ
39386,高知県,いの町,ｺｳﾁｹﾝ,ｲﾉﾁｮｳ
39387,高知県,仁淀川町,ｺｳﾁｹﾝ,ﾆﾖﾄﾞｶﾞﾜﾁｮｳ
39401,高知県,中土佐町,ｺｳﾁｹﾝ,ﾅｶﾄｻﾁｮｳ
39402,高知県,佐川町,ｺｳﾁｹﾝ,ｻｶﾜﾁｮｳ
39403,高知県,越知町,ｺｳﾁｹﾝ,ｵﾁﾁｮｳ
39405,高知県,梼原町,ｺｳﾁｹﾝ,ﾕｽﾊﾗﾁｮｳ
39410,高知県,日高村,ｺｳﾁｹﾝ,ﾋﾀﾞｶﾑﾗ
39411,高知県,津野町,ｺｳﾁｹﾝ,ﾂﾉﾁｮｳ
39412,高知県,四万十町,ｺｳﾁｹﾝ,ｼﾏﾝﾄﾁｮｳ
39424,高知県,大月町,ｺｳﾁｹﾝ,ｵｵﾂｷﾁｮｳ
39427,高知県,三原村,ｺｳﾁｹﾝ,ﾐﾊﾗﾑﾗ
39428,高知県,黒潮町,ｺｳﾁｹﾝ,ｸﾛｼｵﾁｮｳ
40000,福岡県,,ﾌｸｵｶｹﾝ,
40100,福岡県,北九州市,ﾌｸｵｶｹﾝ,ｷﾀｷｭｳｼｭｳｼ
40130,福岡県,福岡市,ﾌｸｵｶｹﾝ,ﾌｸｵｶｼ
40202,福岡県,大牟田市,ﾌｸｵｶｹﾝ,ｵｵﾑﾀｼ
40203,福岡県,久留米市,ﾌｸｵｶｹﾝ,ｸﾙﾒｼ
40204,福岡県,直方市,ﾌｸｵｶｹﾝ,ﾉｵｶﾞﾀｼ
40205,福岡県,飯塚市,ﾌｸｵｶｹﾝ,ｲｲﾂﾞｶｼ
40206,福岡県,田川市,ﾌｸｵｶｹﾝ,ﾀｶﾞﾜｼ
40207,福岡県,柳川市,ﾌｸｵｶｹﾝ,ﾔﾅｶﾞﾜｼ
40210,福岡県,八女市,ﾌｸｵｶｹﾝ,ﾔﾒｼ
40211,福岡県,筑後市,ﾌｸｵｶｹﾝ,ﾁｸｺﾞｼ
40212,福岡県,大川市,ﾌｸｵｶｹﾝ,ｵｵｶﾜｼ
40213,福岡県,行橋市,ﾌｸｵｶｹﾝ,ﾕｸﾊｼｼ
40214,福岡県,豊前市,ﾌｸｵｶｹﾝ,ﾌﾞｾﾞﾝｼ
40215,福岡県,中間市,ﾌｸｵｶｹﾝ,ﾅｶﾏｼ
40216,福岡県,小郡市,ﾌｸｵｶｹﾝ,ｵｺﾞｵﾘｼ
40217,福岡県,筑紫野市,ﾌｸｵｶｹﾝ,ﾁｸｼﾉｼ
40218,福岡県,春日市,ﾌｸｵｶｹﾝ,ｶｽｶﾞｼ
40219,福岡県,大野城市,ﾌｸｵｶｹﾝ,ｵｵﾉｼﾞｮｳｼ
40220,福岡県,宗像市,ﾌｸｵｶｹﾝ,ﾑﾅｶﾀｼ
40221,福岡県,太宰府市,ﾌｸｵｶｹﾝ,ﾀﾞｻﾞｲﾌｼ
40223,福岡県,古賀市,ﾌｸｵｶｹﾝ,ｺｶﾞｼ
40224,福岡県,福津市,ﾌｸｵｶｹﾝ,ﾌｸﾂｼ
40225,福岡県,うきは市,ﾌｸｵｶｹﾝ,ｳｷﾊｼ
40226,福岡県,宮若市,ﾌｸｵｶｹﾝ,ﾐﾔﾜｶｼ
40227,福岡県,嘉麻市,ﾌｸｵｶｹﾝ,ｶﾏｼ
40228,福岡県,朝倉市,ﾌｸｵｶｹﾝ,ｱｻｸﾗｼ
40229,福岡県,みやま市,ﾌｸｵｶｹﾝ,ﾐﾔﾏｼ
40230,福岡県,糸島市,ﾌｸｵｶｹﾝ,ｲﾄｼﾏｼ
40231,福岡県,那珂川市,ﾌｸｵｶｹﾝ,ﾅｶｶﾞﾜｼ
40341,福岡県,宇美町,ﾌｸｵｶｹﾝ,ｳﾐﾏﾁ
40342,福岡県,篠栗町,ﾌｸｵｶｹﾝ,ｻｻｸﾞﾘﾏﾁ
40343,福岡県,志免町,ﾌｸｵｶｹﾝ,ｼﾒﾏﾁ
40344,福岡県,須恵町,ﾌｸｵｶｹﾝ,ｽｴﾏﾁ
40345,福岡県,新宮町,ﾌｸｵｶｹﾝ,ｼﾝｸﾞｳﾏﾁ
40348,福岡県,久山町,ﾌｸｵｶｹﾝ,ﾋｻﾔﾏﾏﾁ
40349,福岡県,粕屋町,ﾌｸｵｶｹﾝ,ｶｽﾔﾏﾁ
40381,福岡県,芦屋町,ﾌｸｵｶｹﾝ,ｱｼﾔﾏﾁ
40382,福岡県,水巻町,ﾌｸｵｶｹﾝ,ﾐｽﾞﾏｷﾏﾁ
40383,福岡県,岡垣町,ﾌｸｵｶｹﾝ,ｵｶｶﾞｷﾏﾁ
40384,福岡県,遠賀町,ﾌｸｵｶｹﾝ,ｵﾝｶﾞﾁｮｳ
40401,福岡県,小竹町,ﾌｸｵｶｹﾝ,ｺﾀｹﾏﾁ
40402,福岡県,鞍手町,ﾌｸｵｶｹﾝ,ｸﾗﾃﾏﾁ
40421,福岡県,桂川町,ﾌｸｵｶｹﾝ,ｹｲｾﾝﾏﾁ
40447,福岡県,筑前町,ﾌｸｵｶｹﾝ,ﾁｸｾﾞﾝﾏﾁ
40448,福岡県,東峰村,ﾌｸｵｶｹﾝ,ﾄｳﾎｳﾑﾗ
40503,福岡県,大刀洗町,ﾌｸｵｶｹﾝ,ﾀﾁｱﾗｲﾏﾁ
40522,福岡県,大木町,ﾌｸｵｶｹﾝ,ｵｵｷﾏﾁ
40544,福岡県,広川町,ﾌｸｵｶｹﾝ,ﾋﾛｶﾜﾏﾁ
40601,福岡県,香春町,ﾌｸｵｶｹﾝ,ｶﾜﾗﾏﾁ
40602,福岡県,添田町,ﾌｸｵｶｹﾝ,ｿｴﾀﾞﾏﾁ
40604,福岡県,糸田町,ﾌｸｵｶｹﾝ,ｲﾄﾀﾞﾏﾁ
40605,福岡県,川崎町,ﾌｸｵｶｹﾝ,ｶﾜｻｷﾏﾁ
40608,福岡県,大任町,ﾌｸｵｶｹﾝ,ｵｵﾄｳﾏﾁ
40609,福岡県,赤村,ﾌｸｵｶｹﾝ,ｱｶﾑﾗ
40610,福岡県,福智町,ﾌｸｵｶｹﾝ,ﾌｸﾁﾏﾁ
40621,福岡県,苅田町,ﾌｸｵｶｹﾝ,ｶﾝﾀﾞﾏﾁ
40625,福岡県,みやこ町,ﾌｸｵｶｹﾝ,ﾐﾔｺﾏﾁ
40642,福岡県,吉富町,ﾌｸｵｶｹﾝ,ﾖｼﾄﾐﾏﾁ
40646,福岡県,上毛町,ﾌｸｵｶｹﾝ,ｺｳｹﾞﾏﾁ
40647,福岡県,築上町,ﾌｸｵｶｹﾝ,ﾁｸｼﾞｮｳﾏﾁ
41000,佐賀県,,ｻｶﾞｹﾝ,
41201,佐賀県,佐賀市,ｻｶﾞｹﾝ,ｻｶﾞｼ
41202,佐賀県,唐津市,ｻｶﾞｹﾝ,ｶﾗﾂｼ
41203,佐賀県,鳥栖市,ｻｶﾞｹﾝ,ﾄｽｼ
41204,佐賀県,多久市,ｻｶﾞｹﾝ,ﾀｸｼ
41205,佐賀県,伊万里市,ｻｶﾞｹﾝ,ｲﾏﾘｼ
41206,佐賀県,武雄市,ｻｶﾞｹﾝ,ﾀｹｵｼ
41207,佐賀県,鹿島市,ｻｶﾞｹﾝ,ｶｼﾏｼ
41208,佐賀県,小城市,ｻｶﾞｹﾝ,ｵｷﾞｼ
41209,佐賀県,嬉野市,ｻｶﾞｹﾝ,ｳﾚｼﾉｼ
41210,佐賀県,神埼市,ｻｶﾞｹﾝ,ｶﾝｻﾞｷｼ
41327,佐賀県,吉野ヶ里町,ｻｶﾞｹﾝ,ﾖｼﾉｶﾞﾘﾁｮｳ
41341,佐賀県,基山町,ｻｶﾞｹﾝ,ｷﾔﾏﾁｮｳ
41345,佐賀県,上峰町,ｻｶﾞｹﾝ,ｶﾐﾐﾈﾁｮｳ
41346,佐賀県,みやき町,ｻｶﾞｹﾝ,ﾐﾔｷﾁｮｳ
41387,佐賀県,玄海町,ｻｶﾞｹﾝ,ｹﾞﾝｶｲﾁｮｳ
41401,佐賀県,有田町,ｻｶﾞｹﾝ,ｱﾘﾀﾁｮｳ
41423,佐賀県,大町町,ｻｶﾞｹﾝ,ｵｵﾏﾁﾁｮｳ
41424,佐賀県,江北町,ｻｶﾞｹﾝ,ｺｳﾎｸﾏﾁ
41425,佐賀県,白石町,ｻｶﾞｹﾝ,ｼﾛｲｼﾁｮｳ
41441,佐賀県,太良町,ｻｶﾞｹﾝ,ﾀﾗﾁｮｳ
42000,長崎県,,ﾅｶﾞｻｷｹﾝ,
42201,長崎県,長崎市,ﾅｶﾞｻｷｹﾝ,ﾅｶﾞｻｷｼ
42202,長崎県,佐世保市,ﾅｶﾞｻｷｹﾝ,ｻｾﾎﾞｼ
42203,長崎県,島原市,ﾅｶﾞｻｷｹﾝ,ｼﾏﾊﾞﾗｼ
42204,長崎県,諫早市,ﾅｶﾞｻｷｹﾝ,ｲｻﾊﾔｼ
42205,長崎県,大村市,ﾅｶﾞｻｷｹﾝ,ｵｵﾑﾗｼ
42207,長崎県,平戸市,ﾅｶﾞｻｷｹﾝ,ﾋﾗﾄﾞｼ
42208,長崎県,松浦市,ﾅｶﾞｻｷｹﾝ,ﾏﾂｳﾗｼ
42209,長崎県,対馬市,ﾅｶﾞｻｷｹﾝ,ﾂｼﾏｼ
42210,長崎県,壱岐市,ﾅｶﾞｻｷｹﾝ,ｲｷｼ
42211,長崎県,五島市,ﾅｶﾞｻｷｹﾝ,ｺﾞﾄｳｼ
42212,長崎県,西海市,ﾅｶﾞｻｷｹﾝ,ｻｲｶｲｼ
42213,長崎県,雲仙市,ﾅｶﾞｻｷｹﾝ,ｳﾝｾﾞﾝｼ
42214,長崎県,南島原市,ﾅｶﾞｻｷｹﾝ,ﾐﾅﾐｼﾏﾊﾞﾗｼ
42307,長崎県,長与町,ﾅｶﾞｻｷｹﾝ,ﾅｶﾞﾖﾁｮｳ
42308,長崎県,時津町,ﾅｶﾞｻｷｹﾝ,ﾄｷﾞﾂﾁｮｳ
42321,長崎県,東彼杵町,ﾅｶﾞｻｷｹﾝ,ﾋｶﾞｼｿﾉｷﾞﾁｮｳ
42322,長崎県,川棚町,ﾅｶﾞｻｷｹﾝ,ｶﾜﾀﾅﾁｮｳ
42323,長崎県,波佐見町,ﾅｶﾞｻｷｹﾝ,ﾊｻﾐﾁｮｳ
42383,長崎県,小値賀町,ﾅｶﾞｻｷｹﾝ,ｵﾁﾞｶﾁｮｳ
42391,長崎県,佐々町,ﾅｶﾞｻｷｹﾝ,ｻｻﾞﾁｮｳ
42411,長崎県,新上五島町,ﾅｶﾞｻｷｹﾝ,ｼﾝｶﾐｺﾞﾄｳﾁｮｳ
43000,熊本県,,ｸﾏﾓﾄｹﾝ,
43100,熊本県,熊本市,ｸﾏﾓﾄｹﾝ,ｸﾏﾓﾄｼ
43202,熊本県,八代市,ｸﾏﾓﾄｹﾝ,ﾔﾂｼﾛｼ
43203,熊本県,人吉市,ｸﾏﾓﾄｹﾝ,ﾋﾄﾖｼｼ
43204,熊本県,荒尾市,ｸﾏﾓﾄｹﾝ,ｱﾗｵｼ
43205,熊本県,水俣市,ｸﾏﾓﾄｹﾝ,ﾐﾅﾏﾀｼ
43206,熊本県,玉名市,ｸﾏﾓﾄｹﾝ,ﾀﾏﾅｼ
43208,熊本県,山鹿市,ｸﾏﾓﾄｹﾝ,ﾔﾏｶﾞｼ
43210,熊本県,菊池市,ｸﾏﾓﾄｹﾝ,ｷｸﾁｼ
43211,熊本県,宇土市,ｸﾏﾓﾄｹﾝ,ｳﾄｼ
43212,熊本県,上天草市,ｸﾏﾓﾄｹﾝ,ｶﾐｱﾏｸｻｼ
43213,熊本県,宇城市,ｸﾏﾓﾄｹﾝ,ｳｷｼ
43214,熊本県,阿蘇市,ｸﾏﾓﾄｹﾝ,ｱｿｼ
43215,熊本県,天草市,ｸﾏﾓﾄｹﾝ,ｱﾏｸｻｼ
43216,熊本県,合志市,ｸﾏﾓﾄｹﾝ,ｺｳｼｼ
43348,熊本県,美里町,ｸﾏﾓﾄｹﾝ,ﾐｻﾄﾏﾁ
43364,熊本県,玉東町,ｸﾏﾓﾄｹﾝ,ｷﾞｮｸﾄｳﾏﾁ
43367,熊本県,南関町,ｸﾏﾓﾄｹﾝ,ﾅﾝｶﾝﾏﾁ
43368,熊本県,長洲町,ｸﾏﾓﾄｹﾝ,ﾅｶﾞｽﾏﾁ
43369,熊本県,和水町,ｸﾏﾓﾄｹﾝ,ﾅｺﾞﾐﾏﾁ
43403,熊本県,大津町,ｸﾏﾓﾄｹﾝ,ｵｵﾂﾞﾏﾁ
43404,熊本県,菊陽町,ｸﾏﾓﾄｹﾝ,ｷｸﾖｳﾏﾁ
43423,熊本県,南小国町,ｸﾏﾓﾄｹﾝ,ﾐﾅﾐｵｸﾞﾆﾏﾁ
43424,熊本県,小国町,ｸﾏﾓﾄｹﾝ,ｵｸﾞﾆﾏﾁ
43425,熊本県,産山村,ｸﾏﾓﾄｹﾝ,ｳﾌﾞﾔﾏﾑﾗ
43428,熊本県,高森町,ｸﾏﾓﾄｹﾝ,ﾀｶﾓﾘﾏﾁ
43432,熊本県,西原村,ｸﾏﾓﾄｹﾝ,ﾆｼﾊﾗﾑﾗ
43433,熊本県,南阿蘇村,ｸﾏﾓﾄｹﾝ,ﾐﾅﾐｱｿﾑﾗ
43441,熊本県,御船町,ｸﾏﾓﾄｹﾝ,ﾐﾌﾈﾏﾁ
43442,熊本県,嘉島町,ｸﾏﾓﾄｹﾝ,ｶｼﾏﾏﾁ
43443,熊本県,益城町,ｸﾏﾓﾄｹﾝ,ﾏｼｷﾏﾁ
43444,熊本県,甲佐町,ｸﾏﾓﾄｹﾝ,ｺｳｻﾏﾁ
43447,熊本県,山都町,ｸﾏﾓﾄｹﾝ,ﾔﾏﾄﾁｮｳ
43468,熊本県,氷川町,ｸﾏﾓﾄｹﾝ,ﾋｶﾜﾁｮｳ
43482,熊本県,芦北町,ｸﾏﾓﾄｹﾝ,ｱｼｷﾀﾏﾁ
43484,熊本県,津奈木町,ｸﾏﾓﾄｹﾝ,ﾂﾅｷﾞﾏﾁ
43501,熊本県,錦町,ｸﾏﾓﾄｹﾝ,ﾆｼｷﾏﾁ
43505,熊本県,多良木町,ｸﾏﾓﾄｹﾝ,ﾀﾗｷﾞﾏﾁ
43506,熊本県,湯前町,ｸﾏﾓﾄｹﾝ,ﾕﾉﾏｴﾏﾁ
43507,熊本県,水上村,ｸﾏﾓﾄｹﾝ,ﾐｽﾞｶﾐﾑﾗ
43510,熊本県,相良村,ｸﾏﾓﾄｹﾝ,ｻｶﾞﾗﾑﾗ
43511,熊本県,五木村,ｸﾏﾓﾄｹﾝ,ｲﾂｷﾑﾗ
43512,熊本県,山江村,ｸﾏﾓﾄｹﾝ,ﾔﾏｴﾑﾗ
43513,熊本県,球磨村,ｸﾏﾓﾄｹﾝ,ｸﾏﾑﾗ
43514,熊本県,あさぎり町,ｸﾏﾓﾄｹﾝ,ｱｻｷﾞﾘﾁｮｳ
43531,熊本県,苓北町,ｸﾏﾓﾄｹﾝ,ﾚｲﾎｸﾏﾁ
44000,大分県,,ｵｵｲﾀｹﾝ,
44201,大分県,大分市,ｵｵｲﾀｹﾝ,ｵｵｲﾀｼ
44202,大分県,別府市,ｵｵｲﾀｹﾝ,ﾍﾞｯﾌﾟｼ
44203,大分県,中津市,ｵｵｲﾀｹﾝ,ﾅｶﾂｼ
44204,大分県,日田市,ｵｵｲﾀｹﾝ,ﾋﾀｼ
44205,大分県,佐伯市,ｵｵｲﾀｹﾝ,ｻｲｷｼ
44206,大分県,臼杵市,ｵｵｲﾀｹﾝ,ｳｽｷｼ
44207,大分県,津久見市,ｵｵｲﾀｹﾝ,ﾂｸﾐｼ
44208,大分県,竹田市,ｵｵｲﾀｹﾝ,ﾀｹﾀｼ
44209,大分県,豊後高田市,ｵｵｲﾀｹﾝ,ﾌﾞﾝｺﾞﾀｶﾀﾞｼ
44210,大分県,杵築市,ｵｵｲﾀｹﾝ,ｷﾂｷｼ
44211,大分県,宇佐市,ｵｵｲﾀｹﾝ,ｳｻｼ
44212,大分県,豊後大野市,ｵｵｲﾀｹﾝ,ﾌﾞﾝｺﾞｵｵﾉｼ
44213,大分県,由布市,ｵｵｲﾀｹﾝ,ﾕﾌｼ
44214,大分県,国東市,ｵｵｲﾀｹﾝ,ｸﾆｻｷｼ
44322,大分県,姫島村,ｵｵｲﾀｹﾝ,ﾋﾒｼﾏﾑﾗ
44341,大分県,日出町,ｵｵｲﾀｹﾝ,ﾋｼﾞﾏﾁ
44461,大分県,九重町,ｵｵｲﾀｹﾝ,ｺｺﾉｴﾏﾁ
44462,大分県,玖珠町,ｵｵｲﾀｹﾝ,ｸｽﾏﾁ
45000,宮崎県,,ﾐﾔｻﾞｷｹﾝ,
45201,宮崎県,宮崎市,ﾐﾔｻﾞｷｹﾝ,ﾐﾔｻﾞｷｼ
45202,宮崎県,都城市,ﾐﾔｻﾞｷｹﾝ,ﾐﾔｺﾉｼﾞｮｳｼ
45203,宮崎県,延岡市,ﾐﾔｻﾞｷｹﾝ,ﾉﾍﾞｵｶｼ
45204,宮崎県,日南市,ﾐﾔｻﾞｷｹﾝ,ﾆﾁﾅﾝｼ
45205,宮崎県,小林市,ﾐﾔｻﾞｷｹﾝ,ｺﾊﾞﾔｼｼ
45206,宮崎県,日向市,ﾐﾔｻﾞｷｹﾝ,ﾋｭｳｶﾞｼ
45207,宮崎県,串間市,ﾐﾔｻﾞｷｹﾝ,ｸｼﾏｼ
45208,宮崎県,西都市,ﾐﾔｻﾞｷｹﾝ,ｻｲﾄｼ
45209,宮崎県,えびの市,ﾐﾔｻﾞｷｹﾝ,ｴﾋﾞﾉｼ
45341,宮崎県,三股町,ﾐﾔｻﾞｷｹﾝ,ﾐﾏﾀﾁｮｳ
45361,宮崎県,高原町,ﾐﾔｻﾞｷｹﾝ,ﾀｶﾊﾙﾁｮｳ
45382,宮崎県,国富町,ﾐﾔｻﾞｷｹﾝ,ｸﾆﾄﾐﾁｮｳ
45383,宮崎県,綾町,ﾐﾔｻﾞｷｹﾝ,ｱﾔﾁｮｳ
45401,宮崎県,高鍋町,ﾐﾔｻﾞｷｹﾝ,ﾀｶﾅﾍﾞﾁｮｳ
45402,宮崎県,新富町,ﾐﾔｻﾞｷｹﾝ,ｼﾝﾄﾐﾁｮｳ
45403,宮崎県,西米良村,ﾐﾔｻﾞｷｹﾝ,ﾆｼﾒﾗｿﾝ
45404,宮崎県,木城町,ﾐﾔｻﾞｷｹﾝ,ｷｼﾞｮｳﾁｮｳ
45405,宮崎県,川南町,ﾐﾔｻﾞｷｹﾝ,ｶﾜﾐﾅﾐﾁｮｳ
45406,宮崎県,都農町,ﾐﾔｻﾞｷｹﾝ,ﾂﾉﾁｮｳ
45421,宮崎県,門川町,ﾐﾔｻﾞｷｹﾝ,ｶﾄﾞｶﾞﾜﾁｮｳ
45429,宮崎県,諸塚村,ﾐﾔｻﾞｷｹﾝ,ﾓﾛﾂｶｿﾝ
45430,宮崎県,椎葉村,ﾐﾔｻﾞｷｹﾝ,ｼｲﾊﾞｿﾝ
45431,宮崎県,美郷町,ﾐﾔｻﾞｷｹﾝ,ﾐｻﾄﾁｮｳ
45441,宮崎県,高千穂町,ﾐﾔｻﾞｷｹﾝ,ﾀｶﾁﾎﾁｮｳ
45442,宮崎県,日之影町,ﾐﾔｻﾞｷｹﾝ,ﾋﾉｶｹﾞﾁｮｳ
45443,宮崎県,五ヶ瀬町,ﾐﾔｻﾞｷｹﾝ,ｺﾞｶｾﾁｮｳ
46000,鹿児島県,,ｶｺﾞｼﾏｹﾝ,
46201,鹿児島県,鹿児島市,ｶｺﾞｼﾏｹﾝ,ｶｺﾞｼﾏｼ
46203,鹿児島県,鹿屋市,ｶｺﾞｼﾏｹﾝ,ｶﾉﾔｼ
46204,鹿児島県,枕崎市,ｶｺﾞｼﾏｹﾝ,ﾏｸﾗｻﾞｷｼ
46206,鹿児島県,阿久根市,ｶｺﾞｼﾏｹﾝ,ｱｸﾈｼ
46208,鹿児島県,出水市,ｶｺﾞｼﾏｹﾝ,ｲｽﾞﾐｼ
46210,鹿児島県,指宿市,ｶｺﾞｼﾏｹﾝ,ｲﾌﾞｽｷｼ
46213,鹿児島県,西之表市,ｶｺﾞｼﾏｹﾝ,ﾆｼﾉｵﾓﾃｼ
46214,鹿児島県,垂水市,ｶｺﾞｼﾏｹﾝ,ﾀﾙﾐｽﾞｼ
46215,鹿児島県,薩摩川内市,ｶｺﾞｼﾏｹﾝ,ｻﾂﾏｾﾝﾀﾞｲｼ
46216,鹿児島県,日置市,ｶｺﾞｼﾏｹﾝ,ﾋｵｷｼ
46217,鹿児島県,曽於市,ｶｺﾞｼﾏｹﾝ,ｿｵｼ
46218,鹿児島県,霧島市,ｶｺﾞｼﾏｹﾝ,ｷﾘｼﾏｼ
46219,鹿児島県,いちき串木野市,ｶｺﾞｼﾏｹﾝ,ｲﾁｷｸｼｷﾉｼ
46220,鹿児島県,南さつま市,ｶｺﾞｼﾏｹﾝ,ﾐﾅﾐｻﾂﾏｼ
46221,鹿児島県,志布志市,ｶｺﾞｼﾏｹﾝ,ｼﾌﾞｼｼ
46222,鹿児島県,奄美市,ｶｺﾞｼﾏｹﾝ,ｱﾏﾐｼ
46223,鹿児島県,南九州市,ｶｺﾞｼﾏｹﾝ,ﾐﾅﾐｷｭｳｼｭｳｼ
46224,鹿児島県,伊佐市,ｶｺﾞｼﾏｹﾝ,ｲｻｼ
46225,鹿児島県,姶良市,ｶｺﾞｼﾏｹﾝ,ｱｲﾗｼ
46303,鹿児島県,三島村,ｶｺﾞｼﾏｹﾝ,ﾐｼﾏﾑﾗ
46304,鹿児島県,十島村,ｶｺﾞｼﾏｹﾝ,ﾄｼﾏﾑﾗ
46392,鹿児島県,さつま町,ｶｺﾞｼﾏｹﾝ,ｻﾂﾏﾁｮｳ
46404,鹿児島県,長島町,ｶｺﾞｼﾏｹﾝ,ﾅｶﾞｼﾏﾁｮｳ
46452,鹿児島県,湧水町,ｶｺﾞｼﾏｹﾝ,ﾕｳｽｲﾁｮｳ
46468,鹿児島県,大崎町,ｶｺﾞｼﾏｹﾝ,ｵｵｻｷﾁｮｳ
46482,鹿児島県,東串良町,ｶｺﾞｼﾏｹﾝ,ﾋｶﾞｼｸｼﾗﾁｮｳ
46490,鹿児島県,錦江町,ｶｺﾞｼﾏｹﾝ,ｷﾝｺｳﾁｮｳ
46491,鹿児島県,南大隅町,ｶｺﾞｼﾏｹﾝ,ﾐﾅﾐｵｵｽﾐﾁｮｳ
46492,鹿児島県,肝付町,ｶｺﾞｼﾏｹﾝ,ｷﾓﾂｷﾁｮｳ
46501,鹿児島県,中種子町,ｶｺﾞｼﾏｹﾝ,ﾅｶﾀﾈﾁｮｳ
46502,鹿児島県,南種子町,ｶｺﾞｼﾏｹﾝ,ﾐﾅﾐﾀﾈﾁｮｳ
46505,鹿児島県,屋久島町,ｶｺﾞｼﾏｹﾝ,ﾔｸｼﾏﾁｮｳ
46523,鹿児島県,大和村,ｶｺﾞｼﾏｹﾝ,ﾔﾏﾄｿﾝ
46524,鹿児島県,宇検村,ｶｺﾞｼﾏｹﾝ,ｳｹﾝｿﾝ
46525,鹿児島県,瀬戸内町,ｶｺﾞｼﾏｹﾝ,ｾﾄｳﾁﾁｮｳ
46527,鹿児島県,龍郷町,ｶｺﾞｼﾏｹﾝ,ﾀﾂｺﾞｳﾁｮｳ
46529,鹿児島県,喜界町,ｶｺﾞｼﾏｹﾝ,ｷｶｲﾁｮｳ
46530,鹿児島県,徳之島町,ｶｺﾞｼﾏｹﾝ,ﾄｸﾉｼﾏﾁｮｳ
46531,鹿児島県,天城町,ｶｺﾞｼﾏｹﾝ,ｱﾏｷﾞﾁｮｳ
46532,鹿児島県,伊仙町,ｶｺﾞｼﾏｹﾝ,ｲｾﾝﾁｮｳ
46533,鹿児島県,和泊町,ｶｺﾞｼﾏｹﾝ,ﾜﾄﾞﾏﾘﾁｮｳ
46534,鹿児島県,知名町,ｶｺﾞｼﾏｹﾝ,ﾁﾅﾁｮｳ
46535,鹿児島県,与論町,ｶｺﾞｼﾏｹﾝ,ﾖﾛﾝﾁｮｳ
47000,沖縄県,,ｵｷﾅﾜｹﾝ,
47201,沖縄県,那覇市,ｵｷﾅﾜｹﾝ,ﾅﾊｼ
47205,沖縄県,宜野湾市,ｵｷﾅﾜｹﾝ,ｷﾞﾉﾜﾝｼ
47207,沖縄県,石垣市,ｵｷﾅﾜｹﾝ,ｲｼｶﾞｷｼ
47208,沖縄県,浦添市,ｵｷﾅﾜｹﾝ,ｳﾗｿｴｼ
47209,沖縄県,名護市,ｵｷﾅﾜｹﾝ,ﾅｺﾞｼ
47210,沖縄県,糸満市,ｵｷﾅﾜｹﾝ,ｲﾄﾏﾝｼ
47211,沖縄県,沖縄市,ｵｷﾅﾜｹﾝ,ｵｷﾅﾜｼ
47212,沖縄県,豊見城市,ｵｷﾅﾜｹﾝ,ﾄﾐｸﾞｽｸｼ
47213,沖縄県,うるま市,ｵｷﾅﾜｹﾝ,ｳﾙﾏｼ
47214,沖縄県,宮古島市,ｵｷﾅﾜｹﾝ,ﾐﾔｺｼﾞﾏｼ
47215,沖縄県,南城市,ｵｷﾅﾜｹﾝ,ﾅﾝｼﾞｮｳｼ
47301,沖縄県,国頭村,ｵｷﾅﾜｹﾝ,ｸﾆｶﾞﾐｿﾝ
47302,沖縄県,大宜味村,ｵｷﾅﾜｹﾝ,ｵｵｷﾞﾐｿﾝ
47303,沖縄県,東村,ｵｷﾅﾜｹﾝ,ﾋｶﾞｼｿﾝ
47306,沖縄県,今帰仁村,ｵｷﾅﾜｹﾝ,ﾅｷｼﾞﾝｿﾝ
47308,沖縄県,本部町,ｵｷﾅﾜｹﾝ,ﾓﾄﾌﾞﾁｮｳ
47311,沖縄県,恩納村,ｵｷﾅﾜｹﾝ,ｵﾝﾅｿﾝ
47313,沖縄県,宜野座村,ｵｷﾅﾜｹﾝ,ｷﾞﾉｻﾞｿﾝ
47314,沖縄県,金武町,ｵｷﾅﾜｹﾝ,ｷﾝﾁｮｳ
47315,沖縄県,伊江村,ｵｷﾅﾜｹﾝ,ｲｴｿﾝ
47324,沖縄県,読谷村,ｵｷﾅﾜｹﾝ,ﾖﾐﾀﾝｿﾝ
47325,沖縄県,嘉手納町,ｵｷﾅﾜｹﾝ,ｶﾃﾞﾅﾁｮｳ
47326,沖縄県,北谷町,ｵｷﾅﾜｹﾝ,ﾁﾔﾀﾝﾁｮｳ
47327,沖縄県,北中城村,ｵｷﾅﾜｹﾝ,ｷﾀﾅｶｸﾞｽｸｿﾝ
47328,沖縄県,中城村,ｵｷﾅﾜｹﾝ,ﾅｶｸﾞｽｸｿﾝ
47329,沖縄県,西原町,ｵｷﾅﾜｹﾝ,ﾆｼﾊﾗﾁｮｳ
47348,沖縄県,与那原町,ｵｷﾅﾜｹﾝ,ﾖﾅﾊﾞﾙﾁｮｳ
47350,沖縄県,南風原町,ｵｷﾅﾜｹﾝ,ﾊｴﾊﾞﾙﾁｮｳ
47353,沖縄県,渡嘉敷村,ｵｷﾅﾜｹﾝ,ﾄｶｼｷｿﾝ
47354,沖縄県,座間味村,ｵｷﾅﾜｹﾝ,ｻﾞﾏﾐｿﾝ
47355,沖縄県,粟国村,ｵｷﾅﾜｹﾝ,ｱｸﾞﾆｿﾝ
47356,沖縄県,渡名喜村,ｵｷﾅﾜｹﾝ,ﾄﾅｷｿﾝ
47357,沖縄県,南大東村,ｵｷﾅﾜｹﾝ,ﾐﾅﾐﾀﾞｲﾄｳｿﾝ
47358,沖縄県,北大東村,ｵｷﾅﾜｹﾝ,ｷﾀﾀﾞｲﾄｳｿﾝ
47359,沖縄県,伊平屋村,ｵｷﾅﾜｹﾝ,ｲﾍﾔｿﾝ
47360,沖縄県,伊是名村,ｵｷﾅﾜｹﾝ,ｲｾﾞﾅｿﾝ
47361,沖縄県,久米島町,ｵｷﾅﾜｹﾝ,ｸﾒｼﾞﾏﾁｮｳ
47362,沖縄県,八重瀬町,ｵｷﾅﾜｹﾝ,ﾔｴｾﾁｮｳ
47375,沖縄県,多良間村,ｵｷﾅﾜｹﾝ,ﾀﾗﾏｿﾝ
47381,沖縄県,竹富町,ｵｷﾅﾜｹﾝ,ﾀｹﾄﾐﾁｮｳ
47382,沖縄県,与那国町,ｵｷﾅﾜｹﾝ,ﾖﾅｸﾞﾆﾁｮｳ